#
# There is insufficient memory for the Java Runtime Environment to continue.
# Native memory allocation (malloc) failed to allocate 718256 bytes. Error detail: Chunk::new
# Possible reasons:
#   The system is out of physical RAM or swap space
#   This process is running with CompressedOops enabled, and the Java Heap may be blocking the growth of the native heap
# Possible solutions:
#   Reduce memory load on the system
#   Increase physical memory or swap space
#   Check if swap backing store is full
#   Decrease Java heap size (-Xmx/-Xms)
#   Decrease number of Java threads
#   Decrease Java thread stack sizes (-Xss)
#   Set larger code cache with -XX:ReservedCodeCacheSize=
#   JVM is running with Unscaled Compressed Oops mode in which the Java heap is
#     placed in the first 4GB address space. The Java Heap base address is the
#     maximum limit for the native heap growth. Please use -XX:HeapBaseMinAddress
#     to set the Java Heap base and to place the Java Heap above 4GB virtual address.
# This output file may be truncated or incomplete.
#
#  Out of Memory Error (arena.cpp:191), pid=17884, tid=17724
#
# JRE version: OpenJDK Runtime Environment Microsoft-13106358 (17.0.18+8) (build 17.0.18+8-LTS)
# Java VM: OpenJDK 64-Bit Server VM Microsoft-13106358 (17.0.18+8-LTS, mixed mode, sharing, tiered, compressed oops, compressed class ptrs, g1 gc, windows-amd64)
# No core dump will be written. Minidumps are not enabled by default on client versions of Windows
#

---------------  S U M M A R Y ------------

Command Line: --add-opens=java.base/java.lang=ALL-UNNAMED --add-opens=java.base/java.lang.invoke=ALL-UNNAMED --add-opens=java.base/java.util=ALL-UNNAMED --add-opens=java.prefs/java.util.prefs=ALL-UNNAMED --add-exports=jdk.compiler/com.sun.tools.javac.api=ALL-UNNAMED --add-exports=jdk.compiler/com.sun.tools.javac.util=ALL-UNNAMED --add-opens=java.base/java.util=ALL-UNNAMED --add-opens=java.prefs/java.util.prefs=ALL-UNNAMED --add-opens=java.base/java.nio.charset=ALL-UNNAMED --add-opens=java.base/java.net=ALL-UNNAMED --add-opens=java.base/java.util.concurrent=ALL-UNNAMED --add-opens=java.base/java.util.concurrent.atomic=ALL-UNNAMED --add-opens=java.xml/javax.xml.namespace=ALL-UNNAMED --add-opens=java.base/java.time=ALL-UNNAMED -XX:MaxMetaspaceSize=512m -Xmx2048m -Dfile.encoding=windows-1252 -Duser.country=US -Duser.language=en -Duser.variant -javaagent:C:\Users\lenovo\.gradle\wrapper\dists\gradle-9.3.1-bin\23ovyewtku6u96viwx3xl3oks\gradle-9.3.1\lib\agents\gradle-instrumentation-agent-9.3.1.jar org.gradle.launcher.daemon.bootstrap.GradleDaemon 9.3.1

Host: Intel(R) Core(TM) i5-8365U CPU @ 1.60GHz, 8 cores, 7G,  Windows 11 , 64 bit Build 26100 (10.0.26100.8875)
Time: Mon Aug 24 17:15:24 2026 India Standard Time elapsed time: 23798.459452 seconds (0d 6h 36m 38s)

---------------  T H R E A D  ---------------

Current thread (0x00000260d5151090):  JavaThread "C2 CompilerThread0" daemon [_thread_in_native, id=17724, stack(0x000000aebe200000,0x000000aebe300000)]


Current CompileTask:
C2:23798477 66895       4       groovy.lang.MetaClassImpl::populateMethods (390 bytes)

Stack: [0x000000aebe200000,0x000000aebe300000]
Native frames: (J=compiled Java code, j=interpreted, Vv=VM code, C=native code)
V  [jvm.dll+0x68c879]  (no source info available)
V  [jvm.dll+0x845979]  (no source info available)
V  [jvm.dll+0x8476e8]  (no source info available)
V  [jvm.dll+0x847d73]  (no source info available)
V  [jvm.dll+0x24cf6f]  (no source info available)
V  [jvm.dll+0xaecb6]  (no source info available)
V  [jvm.dll+0xaf35c]  (no source info available)
V  [jvm.dll+0x2b4b8f]  (no source info available)
V  [jvm.dll+0x5948a4]  (no source info available)
V  [jvm.dll+0x226d84]  (no source info available)
V  [jvm.dll+0x21f785]  (no source info available)
V  [jvm.dll+0x21d260]  (no source info available)
V  [jvm.dll+0x1a8ce6]  (no source info available)
V  [jvm.dll+0x22db1b]  (no source info available)
V  [jvm.dll+0x22bca6]  (no source info available)
V  [jvm.dll+0x7fbabb]  (no source info available)
V  [jvm.dll+0x7f5ebc]  (no source info available)
V  [jvm.dll+0x68de17]  (no source info available)
C  [ucrtbase.dll+0x2cd30]  (no source info available)
C  [KERNEL32.DLL+0x2e957]  (no source info available)
C  [ntdll.dll+0xaad6c]  (no source info available)


---------------  P R O C E S S  ---------------

Threads class SMR info:
_java_thread_list=0x0000026080c2d190, length=148, elements={
0x00000260b6c06180, 0x00000260d4a889e0, 0x00000260d4a8a0f0, 0x00000260d4aa32d0,
0x00000260d4aa5bb0, 0x00000260d4aaa010, 0x00000260d5150490, 0x00000260d5151090,
0x00000260d4abe3c0, 0x00000260d5172180, 0x00000260d521d7c0, 0x00000260d53c4320,
0x00000260f5770250, 0x00000260f63eaac0, 0x00000260f5b55820, 0x00000260d5a6fe00,
0x00000260d5a6d580, 0x00000260d51e9890, 0x00000260d51ec620, 0x00000260d51e9380,
0x00000260d51e9da0, 0x00000260f70619b0, 0x00000260f73e3390, 0x00000260f54121a0,
0x00000260f5412bc0, 0x00000260d51ea2b0, 0x00000260f6333e20, 0x00000260f6330670,
0x00000260f6334840, 0x00000260f6334d50, 0x00000260813e6550, 0x00000260813e9d00,
0x00000260813e92e0, 0x0000026082ad39c0, 0x0000026082ad48f0, 0x00000260829aaa00,
0x000002608278e5f0, 0x0000026082790450, 0x0000026083e650b0, 0x0000026083e655c0,
0x00000260847a9c40, 0x00000260847aa660, 0x00000260847aab70, 0x00000260847ab080,
0x00000260847ac4c0, 0x00000260847ab590, 0x00000260847a8d10, 0x00000260847ac9d0,
0x00000260847a9220, 0x00000260847a9730, 0x00000260847af250, 0x0000026083e64180,
0x0000026083e65fe0, 0x000002608cb64810, 0x000002608cb633d0, 0x000002608cb61f90,
0x000002608cb629b0, 0x000002608cb624a0, 0x000002608278dbd0, 0x000002608278d6c0,
0x000002608278f520, 0x000002608278eb00, 0x000002608278f010, 0x0000026082790960,
0x000002608278ff40, 0x00000260f97b9470, 0x00000260f97b9980, 0x0000026083e64690,
0x00000260f97bbcf0, 0x00000260f9c2abf0, 0x00000260f9c2b100, 0x00000260f9c28880,
0x000002608cb62ec0, 0x000002608cb638e0, 0x0000026083e62d40, 0x00000260847afc70,
0x00000260847ad3f0, 0x00000260847ad900, 0x00000260847af760, 0x00000260847b0180,
0x00000260847b0690, 0x000002608cb63df0, 0x000002608cb61060, 0x000002608cb61570,
0x000002608cb61a80, 0x000002608358cfb0, 0x000002608358d4c0, 0x000002608358c590,
0x000002608c5b6300, 0x000002608c5b5df0, 0x000002608358e3f0, 0x000002608358e900,
0x000002608358f320, 0x000002608358caa0, 0x000002608358d9d0, 0x000002608358dee0,
0x000002608358ee10, 0x0000026083e63760, 0x000002608278fa30, 0x00000260829a9ad0,
0x00000260829aa4f0, 0x00000260829aaf10, 0x00000260829abe40, 0x00000260829a90b0,
0x00000260f97bb2d0, 0x00000260f97b9e90, 0x00000260f97bb7e0, 0x00000260f97ba3a0,
0x00000260f97ba8b0, 0x00000260f97bc200, 0x00000260f97b8f60, 0x0000026083b29c70,
0x0000026081b22de0, 0x000002608fb09960, 0x000002608fb0a890, 0x000002608fb0ada0,
0x000002608fb08010, 0x000002608fb08a30, 0x000002608fb0a380, 0x0000026083e64ba0,
0x0000026083e63c70, 0x00000260829ab420, 0x00000260829ac350, 0x00000260829a95c0,
0x00000260829ac860, 0x00000260829ab930, 0x00000260f81e1070, 0x00000260f81e1580,
0x00000260f81e1a90, 0x00000260f81e1fa0, 0x00000260f81e24b0, 0x00000260f81ded00,
0x00000260f81df210, 0x0000026083515700, 0x0000026083b28320, 0x0000026083b28830,
0x0000026083b29250, 0x0000026083b273f0, 0x0000026083b27900, 0x00000260f9eb2a60,
0x00000260f9eb1b30, 0x0000026083b2a690, 0x0000026083b2a180, 0x0000026083b26ee0,
0x0000026083b27e10, 0x0000026085d39a90, 0x0000026083516b40, 0x0000026083517050
}

Java Threads: ( => current thread )
  0x00000260b6c06180 JavaThread "main" [_thread_blocked, id=29700, stack(0x000000aebd500000,0x000000aebd600000)]
  0x00000260d4a889e0 JavaThread "Reference Handler" daemon [_thread_blocked, id=13360, stack(0x000000aebdc00000,0x000000aebdd00000)]
  0x00000260d4a8a0f0 JavaThread "Finalizer" daemon [_thread_blocked, id=10440, stack(0x000000aebdd00000,0x000000aebde00000)]
  0x00000260d4aa32d0 JavaThread "Signal Dispatcher" daemon [_thread_blocked, id=29712, stack(0x000000aebde00000,0x000000aebdf00000)]
  0x00000260d4aa5bb0 JavaThread "Attach Listener" daemon [_thread_blocked, id=1416, stack(0x000000aebdf00000,0x000000aebe000000)]
  0x00000260d4aaa010 JavaThread "Service Thread" daemon [_thread_blocked, id=16916, stack(0x000000aebe000000,0x000000aebe100000)]
  0x00000260d5150490 JavaThread "Monitor Deflation Thread" daemon [_thread_blocked, id=27672, stack(0x000000aebe100000,0x000000aebe200000)]
=>0x00000260d5151090 JavaThread "C2 CompilerThread0" daemon [_thread_in_native, id=17724, stack(0x000000aebe200000,0x000000aebe300000)]
  0x00000260d4abe3c0 JavaThread "C1 CompilerThread0" daemon [_thread_blocked, id=6776, stack(0x000000aebe300000,0x000000aebe400000)]
  0x00000260d5172180 JavaThread "Sweeper thread" daemon [_thread_blocked, id=26876, stack(0x000000aebe400000,0x000000aebe500000)]
  0x00000260d521d7c0 JavaThread "Common-Cleaner" daemon [_thread_blocked, id=24012, stack(0x000000aebe500000,0x000000aebe600000)]
  0x00000260d53c4320 JavaThread "Notification Thread" daemon [_thread_blocked, id=30804, stack(0x000000aebe600000,0x000000aebe700000)]
  0x00000260f5770250 JavaThread "Daemon health stats" [_thread_blocked, id=22244, stack(0x000000aebf000000,0x000000aebf100000)]
  0x00000260f63eaac0 JavaThread "Incoming local TCP Connector on port 55313" [_thread_in_native, id=408, stack(0x000000aebec00000,0x000000aebed00000)]
  0x00000260f5b55820 JavaThread "Daemon periodic checks" [_thread_blocked, id=25452, stack(0x000000aebf100000,0x000000aebf200000)]
  0x00000260d5a6fe00 JavaThread "Cache worker for journal cache (C:\Users\lenovo\.gradle\caches\journal-1)" [_thread_blocked, id=17968, stack(0x000000aebf900000,0x000000aebfa00000)]
  0x00000260d5a6d580 JavaThread "File lock request listener" [_thread_in_native, id=21124, stack(0x000000aebfa00000,0x000000aebfb00000)]
  0x00000260d51e9890 JavaThread "Cache worker for file hash cache (C:\Users\lenovo\.gradle\caches\9.3.1\fileHashes)" [_thread_blocked, id=30492, stack(0x000000aebfb00000,0x000000aebfc00000)]
  0x00000260d51ec620 JavaThread "File watcher server" daemon [_thread_in_native, id=23392, stack(0x000000aec0000000,0x000000aec0100000)]
  0x00000260d51e9380 JavaThread "File watcher consumer" daemon [_thread_blocked, id=16576, stack(0x000000aec0100000,0x000000aec0200000)]
  0x00000260d51e9da0 JavaThread "Cache worker for file content cache (C:\Users\lenovo\.gradle\caches\9.3.1\fileContent)" [_thread_blocked, id=4088, stack(0x000000aec0300000,0x000000aec0400000)]
  0x00000260f70619b0 JavaThread "jar transforms" [_thread_blocked, id=24248, stack(0x000000aebfc00000,0x000000aebfd00000)]
  0x00000260f73e3390 JavaThread "Memory manager" [_thread_blocked, id=16944, stack(0x000000aec2200000,0x000000aec2300000)]
  0x00000260f54121a0 JavaThread "jar transforms Thread 2" [_thread_blocked, id=15004, stack(0x000000aec6800000,0x000000aec6900000)]
  0x00000260f5412bc0 JavaThread "jar transforms Thread 3" [_thread_blocked, id=13936, stack(0x000000aec6e00000,0x000000aec6f00000)]
  0x00000260d51ea2b0 JavaThread "jar transforms Thread 4" [_thread_blocked, id=21212, stack(0x000000aec7500000,0x000000aec7600000)]
  0x00000260f6333e20 JavaThread "jar transforms Thread 5" [_thread_blocked, id=30288, stack(0x000000aebd400000,0x000000aebd500000)]
  0x00000260f6330670 JavaThread "jar transforms Thread 6" [_thread_blocked, id=18464, stack(0x000000aec6c00000,0x000000aec6d00000)]
  0x00000260f6334840 JavaThread "jar transforms Thread 7" [_thread_blocked, id=29848, stack(0x000000aec6d00000,0x000000aec6e00000)]
  0x00000260f6334d50 JavaThread "jar transforms Thread 8" [_thread_blocked, id=18252, stack(0x000000aec7600000,0x000000aec7700000)]
  0x00000260813e6550 JavaThread "Cache worker for Java compile cache (C:\Users\lenovo\.gradle\caches\9.3.1\javaCompile)" [_thread_blocked, id=12116, stack(0x000000aec8700000,0x000000aec8800000)]
  0x00000260813e9d00 JavaThread "RMI Scheduler(0)" daemon [_thread_blocked, id=22580, stack(0x000000aec8400000,0x000000aec8500000)]
  0x00000260813e92e0 JavaThread "RMI TCP Accept-0" daemon [_thread_in_native, id=27232, stack(0x000000aec8a00000,0x000000aec8b00000)]
  0x0000026082ad39c0 JavaThread "Daemon Thread 12" [_thread_blocked, id=30496, stack(0x000000aebd200000,0x000000aebd300000)]
  0x0000026082ad48f0 JavaThread "Daemon worker Thread 12" [_thread_in_Java, id=31736, stack(0x000000aebf400000,0x000000aebf500000)]
  0x00000260829aaa00 JavaThread "File lock release action executor Thread 21" [_thread_blocked, id=29540, stack(0x000000aec8800000,0x000000aec8900000)]
  0x000002608278e5f0 JavaThread "File lock release action executor Thread 26" [_thread_blocked, id=28712, stack(0x000000aebd300000,0x000000aebd400000)]
  0x0000026082790450 JavaThread "File lock release action executor Thread 27" [_thread_blocked, id=1688, stack(0x000000aebf300000,0x000000aebf400000)]
  0x0000026083e650b0 JavaThread "Handler for socket connection from /127.0.0.1:55313 to /127.0.0.1:50133" [_thread_in_native, id=30480, stack(0x000000aebf600000,0x000000aebf700000)]
  0x0000026083e655c0 JavaThread "Cancel handler" [_thread_blocked, id=4140, stack(0x000000aebf700000,0x000000aebf800000)]
  0x00000260847a9c40 JavaThread "Asynchronous log dispatcher for DefaultDaemonConnection: socket connection from /127.0.0.1:55313 to /127.0.0.1:50133" [_thread_blocked, id=23056, stack(0x000000aebf800000,0x000000aebf900000)]
  0x00000260847aa660 JavaThread "Stdin handler" [_thread_blocked, id=31372, stack(0x000000aebfe00000,0x000000aebff00000)]
  0x00000260847aab70 JavaThread "Daemon client event forwarder" [_thread_blocked, id=25188, stack(0x000000aebff00000,0x000000aec0000000)]
  0x00000260847ab080 JavaThread "Cache worker for file hash cache (C:\FrigateApp\FrigateApp\android\.gradle\9.3.1\fileHashes)" [_thread_blocked, id=31336, stack(0x000000aec0200000,0x000000aec0300000)]
  0x00000260847ac4c0 JavaThread "Cache worker for Build Output Cleanup Cache (C:\FrigateApp\FrigateApp\android\.gradle\buildOutputCleanup)" [_thread_blocked, id=16708, stack(0x000000aec0500000,0x000000aec0600000)]
  0x00000260847ab590 JavaThread "Cache worker for checksums cache (C:\FrigateApp\FrigateApp\android\.gradle\9.3.1\checksums)" [_thread_blocked, id=27968, stack(0x000000aec0600000,0x000000aec0700000)]
  0x00000260847a8d10 JavaThread "Cache worker for cache directory md-supplier (C:\Users\lenovo\.gradle\caches\9.3.1\md-supplier)" [_thread_blocked, id=6380, stack(0x000000aec0700000,0x000000aec0800000)]
  0x00000260847ac9d0 JavaThread "Cache worker for cache directory md-rule (C:\Users\lenovo\.gradle\caches\9.3.1\md-rule)" [_thread_blocked, id=10284, stack(0x000000aec0800000,0x000000aec0900000)]
  0x00000260847a9220 JavaThread "Cache worker for Build Output Cleanup Cache (C:\FrigateApp\FrigateApp\node_modules\@react-native\gradle-plugin\.gradle\buildOutputCleanup)" [_thread_blocked, id=9772, stack(0x000000aec0900000,0x000000aec0a00000)]
  0x00000260847a9730 JavaThread "Unconstrained build operations" [_thread_blocked, id=19364, stack(0x000000aec0a00000,0x000000aec0b00000)]
  0x00000260847af250 JavaThread "Unconstrained build operations Thread 2" [_thread_blocked, id=10536, stack(0x000000aec0b00000,0x000000aec0c00000)]
  0x0000026083e64180 JavaThread "Unconstrained build operations Thread 3" [_thread_blocked, id=14516, stack(0x000000aec0c00000,0x000000aec0d00000)]
  0x0000026083e65fe0 JavaThread "Unconstrained build operations Thread 4" [_thread_blocked, id=28056, stack(0x000000aec0d00000,0x000000aec0e00000)]
  0x000002608cb64810 JavaThread "Unconstrained build operations Thread 5" [_thread_blocked, id=21080, stack(0x000000aec0e00000,0x000000aec0f00000)]
  0x000002608cb633d0 JavaThread "Unconstrained build operations Thread 6" [_thread_blocked, id=27704, stack(0x000000aec0f00000,0x000000aec1000000)]
  0x000002608cb61f90 JavaThread "Unconstrained build operations Thread 7" [_thread_blocked, id=13480, stack(0x000000aec1000000,0x000000aec1100000)]
  0x000002608cb629b0 JavaThread "Unconstrained build operations Thread 8" [_thread_blocked, id=18224, stack(0x000000aec1100000,0x000000aec1200000)]
  0x000002608cb624a0 JavaThread "Unconstrained build operations Thread 9" [_thread_blocked, id=25472, stack(0x000000aec1200000,0x000000aec1300000)]
  0x000002608278dbd0 JavaThread "Unconstrained build operations Thread 10" [_thread_blocked, id=13640, stack(0x000000aec1300000,0x000000aec1400000)]
  0x000002608278d6c0 JavaThread "Unconstrained build operations Thread 11" [_thread_blocked, id=28820, stack(0x000000aec1400000,0x000000aec1500000)]
  0x000002608278f520 JavaThread "Unconstrained build operations Thread 12" [_thread_blocked, id=6452, stack(0x000000aec1500000,0x000000aec1600000)]
  0x000002608278eb00 JavaThread "Unconstrained build operations Thread 13" [_thread_blocked, id=14228, stack(0x000000aec1600000,0x000000aec1700000)]
  0x000002608278f010 JavaThread "Unconstrained build operations Thread 14" [_thread_blocked, id=21084, stack(0x000000aec1700000,0x000000aec1800000)]
  0x0000026082790960 JavaThread "Unconstrained build operations Thread 15" [_thread_blocked, id=11404, stack(0x000000aec1800000,0x000000aec1900000)]
  0x000002608278ff40 JavaThread "Unconstrained build operations Thread 16" [_thread_blocked, id=4836, stack(0x000000aec1900000,0x000000aec1a00000)]
  0x00000260f97b9470 JavaThread "build event listener" [_thread_blocked, id=29316, stack(0x000000aec1a00000,0x000000aec1b00000)]
  0x00000260f97b9980 JavaThread "Problems report writer" [_thread_blocked, id=4220, stack(0x000000aec1b00000,0x000000aec1c00000)]
  0x0000026083e64690 JavaThread "ForkJoinPool.commonPool-worker-83" daemon [_thread_blocked, id=2380, stack(0x000000aec1c00000,0x000000aec1d00000)]
  0x00000260f97bbcf0 JavaThread "ForkJoinPool.commonPool-worker-84" daemon [_thread_blocked, id=3936, stack(0x000000aec1d00000,0x000000aec1e00000)]
  0x00000260f9c2abf0 JavaThread "ForkJoinPool.commonPool-worker-85" daemon [_thread_blocked, id=5328, stack(0x000000aec1e00000,0x000000aec1f00000)]
  0x00000260f9c2b100 JavaThread "ForkJoinPool.commonPool-worker-86" daemon [_thread_blocked, id=25740, stack(0x000000aec1f00000,0x000000aec2000000)]
  0x00000260f9c28880 JavaThread "ForkJoinPool.commonPool-worker-87" daemon [_thread_blocked, id=9224, stack(0x000000aec2000000,0x000000aec2100000)]
  0x000002608cb62ec0 JavaThread "ForkJoinPool.commonPool-worker-88" daemon [_thread_blocked, id=31628, stack(0x000000aec2100000,0x000000aec2200000)]
  0x000002608cb638e0 JavaThread "ForkJoinPool.commonPool-worker-89" daemon [_thread_blocked, id=14924, stack(0x000000aec2300000,0x000000aec2400000)]
  0x0000026083e62d40 JavaThread "included builds" [_thread_blocked, id=13332, stack(0x000000aec2400000,0x000000aec2500000)]
  0x00000260847afc70 JavaThread "Execution worker" [_thread_blocked, id=15132, stack(0x000000aec2500000,0x000000aec2600000)]
  0x00000260847ad3f0 JavaThread "Execution worker Thread 2" [_thread_blocked, id=18372, stack(0x000000aec2600000,0x000000aec2700000)]
  0x00000260847ad900 JavaThread "Execution worker Thread 3" [_thread_blocked, id=26888, stack(0x000000aec2700000,0x000000aec2800000)]
  0x00000260847af760 JavaThread "Execution worker Thread 4" [_thread_blocked, id=18088, stack(0x000000aec2800000,0x000000aec2900000)]
  0x00000260847b0180 JavaThread "Execution worker Thread 5" [_thread_blocked, id=9840, stack(0x000000aec2900000,0x000000aec2a00000)]
  0x00000260847b0690 JavaThread "Execution worker Thread 6" [_thread_blocked, id=1968, stack(0x000000aec2a00000,0x000000aec2b00000)]
  0x000002608cb63df0 JavaThread "Execution worker Thread 7" [_thread_blocked, id=10376, stack(0x000000aec2b00000,0x000000aec2c00000)]
  0x000002608cb61060 JavaThread "Cache worker for execution history cache (C:\FrigateApp\FrigateApp\node_modules\@react-native\gradle-plugin\.gradle\9.3.1\executionHistory)" [_thread_blocked, id=27376, stack(0x000000aec2c00000,0x000000aec2d00000)]
  0x000002608cb61570 JavaThread "Unconstrained build operations Thread 17" [_thread_blocked, id=27752, stack(0x000000aec2d00000,0x000000aec2e00000)]
  0x000002608cb61a80 JavaThread "Unconstrained build operations Thread 18" [_thread_blocked, id=22792, stack(0x000000aec2e00000,0x000000aec2f00000)]
  0x000002608358cfb0 JavaThread "Unconstrained build operations Thread 19" [_thread_blocked, id=21416, stack(0x000000aec2f00000,0x000000aec3000000)]
  0x000002608358d4c0 JavaThread "Unconstrained build operations Thread 20" [_thread_blocked, id=13836, stack(0x000000aec3000000,0x000000aec3100000)]
  0x000002608358c590 JavaThread "Unconstrained build operations Thread 21" [_thread_blocked, id=15164, stack(0x000000aec3100000,0x000000aec3200000)]
  0x000002608c5b6300 JavaThread "Unconstrained build operations Thread 22" [_thread_blocked, id=24092, stack(0x000000aec3200000,0x000000aec3300000)]
  0x000002608c5b5df0 JavaThread "Unconstrained build operations Thread 23" [_thread_blocked, id=18348, stack(0x000000aec3300000,0x000000aec3400000)]
  0x000002608358e3f0 JavaThread "Unconstrained build operations Thread 24" [_thread_blocked, id=10800, stack(0x000000aec3400000,0x000000aec3500000)]
  0x000002608358e900 JavaThread "Unconstrained build operations Thread 25" [_thread_blocked, id=6384, stack(0x000000aec3500000,0x000000aec3600000)]
  0x000002608358f320 JavaThread "Unconstrained build operations Thread 26" [_thread_blocked, id=8412, stack(0x000000aec3600000,0x000000aec3700000)]
  0x000002608358caa0 JavaThread "Unconstrained build operations Thread 27" [_thread_blocked, id=8528, stack(0x000000aec3700000,0x000000aec3800000)]
  0x000002608358d9d0 JavaThread "Unconstrained build operations Thread 28" [_thread_blocked, id=21584, stack(0x000000aec3800000,0x000000aec3900000)]
  0x000002608358dee0 JavaThread "Unconstrained build operations Thread 29" [_thread_blocked, id=27632, stack(0x000000aec3900000,0x000000aec3a00000)]
  0x000002608358ee10 JavaThread "Unconstrained build operations Thread 30" [_thread_blocked, id=16696, stack(0x000000aec3a00000,0x000000aec3b00000)]
  0x0000026083e63760 JavaThread "Unconstrained build operations Thread 31" [_thread_blocked, id=25504, stack(0x000000aec3b00000,0x000000aec3c00000)]
  0x000002608278fa30 JavaThread "Unconstrained build operations Thread 32" [_thread_blocked, id=28244, stack(0x000000aec3c00000,0x000000aec3d00000)]
  0x00000260829a9ad0 JavaThread "Unconstrained build operations Thread 33" [_thread_blocked, id=27476, stack(0x000000aec3d00000,0x000000aec3e00000)]
  0x00000260829aa4f0 JavaThread "Unconstrained build operations Thread 34" [_thread_blocked, id=23312, stack(0x000000aec3e00000,0x000000aec3f00000)]
  0x00000260829aaf10 JavaThread "Unconstrained build operations Thread 35" [_thread_blocked, id=19284, stack(0x000000aec3f00000,0x000000aec4000000)]
  0x00000260829abe40 JavaThread "Unconstrained build operations Thread 36" [_thread_blocked, id=28336, stack(0x000000aec4000000,0x000000aec4100000)]
  0x00000260829a90b0 JavaThread "Unconstrained build operations Thread 37" [_thread_blocked, id=22400, stack(0x000000aec4100000,0x000000aec4200000)]
  0x00000260f97bb2d0 JavaThread "Unconstrained build operations Thread 38" [_thread_blocked, id=10912, stack(0x000000aec4200000,0x000000aec4300000)]
  0x00000260f97b9e90 JavaThread "Unconstrained build operations Thread 39" [_thread_blocked, id=25408, stack(0x000000aec4300000,0x000000aec4400000)]
  0x00000260f97bb7e0 JavaThread "Unconstrained build operations Thread 40" [_thread_blocked, id=9956, stack(0x000000aec4400000,0x000000aec4500000)]
  0x00000260f97ba3a0 JavaThread "Unconstrained build operations Thread 41" [_thread_blocked, id=30240, stack(0x000000aec4500000,0x000000aec4600000)]
  0x00000260f97ba8b0 JavaThread "Unconstrained build operations Thread 42" [_thread_blocked, id=19276, stack(0x000000aec4600000,0x000000aec4700000)]
  0x00000260f97bc200 JavaThread "Unconstrained build operations Thread 43" [_thread_blocked, id=10200, stack(0x000000aec4700000,0x000000aec4800000)]
  0x00000260f97b8f60 JavaThread "Unconstrained build operations Thread 44" [_thread_blocked, id=9324, stack(0x000000aec4800000,0x000000aec4900000)]
  0x0000026083b29c70 JavaThread "Unconstrained build operations Thread 45" [_thread_blocked, id=23052, stack(0x000000aec4900000,0x000000aec4a00000)]
  0x0000026081b22de0 JavaThread "Unconstrained build operations Thread 46" [_thread_blocked, id=21044, stack(0x000000aec4a00000,0x000000aec4b00000)]
  0x000002608fb09960 JavaThread "Unconstrained build operations Thread 47" [_thread_blocked, id=9972, stack(0x000000aec4b00000,0x000000aec4c00000)]
  0x000002608fb0a890 JavaThread "Unconstrained build operations Thread 48" [_thread_blocked, id=7472, stack(0x000000aec4c00000,0x000000aec4d00000)]
  0x000002608fb0ada0 JavaThread "Unconstrained build operations Thread 49" [_thread_blocked, id=17640, stack(0x000000aec4d00000,0x000000aec4e00000)]
  0x000002608fb08010 JavaThread "Unconstrained build operations Thread 50" [_thread_blocked, id=21536, stack(0x000000aec4e00000,0x000000aec4f00000)]
  0x000002608fb08a30 JavaThread "Unconstrained build operations Thread 51" [_thread_blocked, id=11340, stack(0x000000aec4f00000,0x000000aec5000000)]
  0x000002608fb0a380 JavaThread "Unconstrained build operations Thread 52" [_thread_blocked, id=3068, stack(0x000000aec5000000,0x000000aec5100000)]
  0x0000026083e64ba0 JavaThread "Unconstrained build operations Thread 53" [_thread_blocked, id=8988, stack(0x000000aec5100000,0x000000aec5200000)]
  0x0000026083e63c70 JavaThread "Unconstrained build operations Thread 54" [_thread_blocked, id=3548, stack(0x000000aec5200000,0x000000aec5300000)]
  0x00000260829ab420 JavaThread "Unconstrained build operations Thread 55" [_thread_blocked, id=30316, stack(0x000000aec5300000,0x000000aec5400000)]
  0x00000260829ac350 JavaThread "Unconstrained build operations Thread 56" [_thread_blocked, id=25980, stack(0x000000aec5400000,0x000000aec5500000)]
  0x00000260829a95c0 JavaThread "Unconstrained build operations Thread 57" [_thread_blocked, id=29876, stack(0x000000aec5500000,0x000000aec5600000)]
  0x00000260829ac860 JavaThread "Unconstrained build operations Thread 58" [_thread_blocked, id=13924, stack(0x000000aec5600000,0x000000aec5700000)]
  0x00000260829ab930 JavaThread "Unconstrained build operations Thread 59" [_thread_blocked, id=14944, stack(0x000000aec5700000,0x000000aec5800000)]
  0x00000260f81e1070 JavaThread "Unconstrained build operations Thread 60" [_thread_blocked, id=27364, stack(0x000000aec5800000,0x000000aec5900000)]
  0x00000260f81e1580 JavaThread "Unconstrained build operations Thread 61" [_thread_blocked, id=23508, stack(0x000000aec5900000,0x000000aec5a00000)]
  0x00000260f81e1a90 JavaThread "Unconstrained build operations Thread 62" [_thread_blocked, id=7724, stack(0x000000aec5a00000,0x000000aec5b00000)]
  0x00000260f81e1fa0 JavaThread "Unconstrained build operations Thread 63" [_thread_blocked, id=5216, stack(0x000000aec5b00000,0x000000aec5c00000)]
  0x00000260f81e24b0 JavaThread "Unconstrained build operations Thread 64" [_thread_blocked, id=26196, stack(0x000000aec5c00000,0x000000aec5d00000)]
  0x00000260f81ded00 JavaThread "Unconstrained build operations Thread 65" [_thread_blocked, id=1308, stack(0x000000aec5d00000,0x000000aec5e00000)]
  0x00000260f81df210 JavaThread "Unconstrained build operations Thread 66" [_thread_blocked, id=25320, stack(0x000000aec5e00000,0x000000aec5f00000)]
  0x0000026083515700 JavaThread "build event listener" [_thread_blocked, id=4216, stack(0x000000aec5f00000,0x000000aec6000000)]
  0x0000026083b28320 JavaThread "Unconstrained build operations Thread 67" [_thread_blocked, id=20392, stack(0x000000aebf500000,0x000000aebf600000)]
  0x0000026083b28830 JavaThread "Unconstrained build operations Thread 68" [_thread_blocked, id=25536, stack(0x000000aec6000000,0x000000aec6100000)]
  0x0000026083b29250 JavaThread "Unconstrained build operations Thread 69" [_thread_blocked, id=1988, stack(0x000000aec6100000,0x000000aec6200000)]
  0x0000026083b273f0 JavaThread "Unconstrained build operations Thread 70" [_thread_blocked, id=26792, stack(0x000000aec6200000,0x000000aec6300000)]
  0x0000026083b27900 JavaThread "Unconstrained build operations Thread 71" [_thread_blocked, id=20764, stack(0x000000aec6300000,0x000000aec6400000)]
  0x00000260f9eb2a60 JavaThread "Unconstrained build operations Thread 72" [_thread_blocked, id=9828, stack(0x000000aec6400000,0x000000aec6500000)]
  0x00000260f9eb1b30 JavaThread "Unconstrained build operations Thread 73" [_thread_blocked, id=3924, stack(0x000000aec6500000,0x000000aec6600000)]
  0x0000026083b2a690 JavaThread "Unconstrained build operations Thread 74" [_thread_blocked, id=28404, stack(0x000000aec6600000,0x000000aec6700000)]
  0x0000026083b2a180 JavaThread "Unconstrained build operations Thread 75" [_thread_blocked, id=20572, stack(0x000000aec6700000,0x000000aec6800000)]
  0x0000026083b26ee0 JavaThread "Unconstrained build operations Thread 76" [_thread_blocked, id=24512, stack(0x000000aec6900000,0x000000aec6a00000)]
  0x0000026083b27e10 JavaThread "Unconstrained build operations Thread 77" [_thread_blocked, id=1900, stack(0x000000aec6a00000,0x000000aec6b00000)]
  0x0000026085d39a90 JavaThread "Unconstrained build operations Thread 78" [_thread_blocked, id=3272, stack(0x000000aec6b00000,0x000000aec6c00000)]
  0x0000026083516b40 JavaThread "Unconstrained build operations Thread 79" [_thread_blocked, id=28172, stack(0x000000aec6f00000,0x000000aec7000000)]
  0x0000026083517050 JavaThread "Unconstrained build operations Thread 80" [_thread_blocked, id=22992, stack(0x000000aec7000000,0x000000aec7100000)]

Other Threads:
  0x00000260d4a7fc90 VMThread "VM Thread" [stack: 0x000000aebdb00000,0x000000aebdc00000] [id=820]
  0x00000260d530bd30 WatcherThread [stack: 0x000000aebe700000,0x000000aebe800000] [id=31664]
  0x00000260b6c64990 GCTaskThread "GC Thread#0" [stack: 0x000000aebd600000,0x000000aebd700000] [id=24404]
  0x00000260d562ed50 GCTaskThread "GC Thread#1" [stack: 0x000000aebe800000,0x000000aebe900000] [id=26808]
  0x00000260d5581920 GCTaskThread "GC Thread#2" [stack: 0x000000aebe900000,0x000000aebea00000] [id=17636]
  0x00000260d596b740 GCTaskThread "GC Thread#3" [stack: 0x000000aebea00000,0x000000aebeb00000] [id=19464]
  0x00000260d5762570 GCTaskThread "GC Thread#4" [stack: 0x000000aebeb00000,0x000000aebec00000] [id=18416]
  0x00000260f5c23d40 GCTaskThread "GC Thread#5" [stack: 0x000000aebed00000,0x000000aebee00000] [id=29868]
  0x00000260f5b8fb20 GCTaskThread "GC Thread#6" [stack: 0x000000aebee00000,0x000000aebef00000] [id=22456]
  0x00000260f508d120 GCTaskThread "GC Thread#7" [stack: 0x000000aebef00000,0x000000aebf000000] [id=1020]
  0x00000260b6c765a0 ConcurrentGCThread "G1 Main Marker" [stack: 0x000000aebd700000,0x000000aebd800000] [id=28024]
  0x00000260b6c77670 ConcurrentGCThread "G1 Conc#0" [stack: 0x000000aebd800000,0x000000aebd900000] [id=15712]
  0x00000260f508baa0 ConcurrentGCThread "G1 Conc#1" [stack: 0x000000aebfd00000,0x000000aebfe00000] [id=12068]
  0x00000260d4935f70 ConcurrentGCThread "G1 Refine#0" [stack: 0x000000aebd900000,0x000000aebda00000] [id=1400]
  0x00000260f6f8f080 ConcurrentGCThread "G1 Refine#1" [stack: 0x000000aec0400000,0x000000aec0500000] [id=15476]
  0x00000260f8964360 ConcurrentGCThread "G1 Refine#2" [stack: 0x000000aec7400000,0x000000aec7500000] [id=22896]
  0x00000260f8964c60 ConcurrentGCThread "G1 Refine#3" [stack: 0x000000aec7700000,0x000000aec7800000] [id=17488]
  0x00000260f8961f60 ConcurrentGCThread "G1 Refine#4" [stack: 0x000000aec7800000,0x000000aec7900000] [id=22124]
  0x00000260f8962260 ConcurrentGCThread "G1 Refine#5" [stack: 0x000000aec7900000,0x000000aec7a00000] [id=2600]
  0x00000260f6f90880 ConcurrentGCThread "G1 Refine#6" [stack: 0x000000aec7a00000,0x000000aec7b00000] [id=14348]
  0x00000260f89b63e0 ConcurrentGCThread "G1 Refine#7" [stack: 0x000000aebf200000,0x000000aebf300000] [id=25676]
  0x00000260d49387d0 ConcurrentGCThread "G1 Service" [stack: 0x000000aebda00000,0x000000aebdb00000] [id=20180]

Threads with active compile tasks:
C2 CompilerThread0  23801461 66895       4       groovy.lang.MetaClassImpl::populateMethods (390 bytes)

VM state: not at safepoint (normal execution)

VM Mutex/Monitor currently owned by a thread: None

Heap address: 0x0000000080000000, size: 2048 MB, Compressed Oops mode: 32-bit

CDS archive(s) mapped at: [0x00000260d6000000-0x00000260d6bb0000-0x00000260d6bb0000), size 12255232, SharedBaseAddress: 0x00000260d6000000, ArchiveRelocationMode: 1.
Compressed class space mapped at: 0x00000260d7000000-0x00000260f1000000, reserved size: 436207616
Narrow klass base: 0x00000260d6000000, Narrow klass shift: 0, Narrow klass range: 0x100000000

GC Precious Log:
 CPUs: 8 total, 8 available
 Memory: 7928M
 Large Page Support: Disabled
 NUMA Support: Disabled
 Compressed Oops: Enabled (32-bit)
 Heap Region Size: 1M
 Heap Min Capacity: 8M
 Heap Initial Capacity: 124M
 Heap Max Capacity: 2G
 Pre-touch: Disabled
 Parallel Workers: 8
 Concurrent Workers: 2
 Concurrent Refinement Workers: 8
 Periodic GC: Disabled

Heap:
 garbage-first heap   total 1587200K, used 413854K [0x0000000080000000, 0x0000000100000000)
  region size 1024K, 38 young (38912K), 10 survivors (10240K)
 Metaspace       used 208362K, committed 211008K, reserved 622592K
  class space    used 26508K, committed 27776K, reserved 425984K

Heap Regions: E=young(eden), S=young(survivor), O=old, HS=humongous(starts), HC=humongous(continues), CS=collection set, F=free, OA=open archive, CA=closed archive, TAMS=top-at-mark-start (previous, next)
|   0|0x0000000080000000, 0x0000000080100000, 0x0000000080100000|100%|HS|  |TAMS 0x0000000080100000, 0x0000000080000000| Complete 
|   1|0x0000000080100000, 0x0000000080200000, 0x0000000080200000|100%|HC|  |TAMS 0x0000000080200000, 0x0000000080100000| Complete 
|   2|0x0000000080200000, 0x0000000080300000, 0x0000000080300000|100%|HC|  |TAMS 0x0000000080300000, 0x0000000080200000| Complete 
|   3|0x0000000080300000, 0x0000000080400000, 0x0000000080400000|100%|HC|  |TAMS 0x0000000080400000, 0x0000000080300000| Complete 
|   4|0x0000000080400000, 0x0000000080500000, 0x0000000080500000|100%| O|  |TAMS 0x0000000080500000, 0x0000000080400000| Untracked 
|   5|0x0000000080500000, 0x00000000805f4768, 0x0000000080600000| 95%| O|  |TAMS 0x00000000805f4768, 0x0000000080500000| Untracked 
|   6|0x0000000080600000, 0x00000000806fffb8, 0x0000000080700000| 99%| O|  |TAMS 0x00000000806fffb8, 0x0000000080600000| Untracked 
|   7|0x0000000080700000, 0x0000000080800000, 0x0000000080800000|100%|HS|  |TAMS 0x0000000080800000, 0x0000000080700000| Complete 
|   8|0x0000000080800000, 0x0000000080900000, 0x0000000080900000|100%| O|  |TAMS 0x0000000080900000, 0x0000000080800000| Untracked 
|   9|0x0000000080900000, 0x00000000809fd710, 0x0000000080a00000| 99%| O|  |TAMS 0x00000000809fd710, 0x0000000080900000| Untracked 
|  10|0x0000000080a00000, 0x0000000080b00000, 0x0000000080b00000|100%| O|  |TAMS 0x0000000080b00000, 0x0000000080a00000| Untracked 
|  11|0x0000000080b00000, 0x0000000080bfff88, 0x0000000080c00000| 99%| O|  |TAMS 0x0000000080bfff88, 0x0000000080b00000| Untracked 
|  12|0x0000000080c00000, 0x0000000080d00000, 0x0000000080d00000|100%| O|  |TAMS 0x0000000080d00000, 0x0000000080c00000| Untracked 
|  13|0x0000000080d00000, 0x0000000080e00000, 0x0000000080e00000|100%| O|  |TAMS 0x0000000080e00000, 0x0000000080d00000| Untracked 
|  14|0x0000000080e00000, 0x0000000080f00000, 0x0000000080f00000|100%| O|  |TAMS 0x0000000080f00000, 0x0000000080e00000| Untracked 
|  15|0x0000000080f00000, 0x0000000080ffffe0, 0x0000000081000000| 99%| O|  |TAMS 0x0000000080ffffe0, 0x0000000080f00000| Untracked 
|  16|0x0000000081000000, 0x0000000081100000, 0x0000000081100000|100%| O|  |TAMS 0x0000000081100000, 0x0000000081000000| Untracked 
|  17|0x0000000081100000, 0x00000000811fffd0, 0x0000000081200000| 99%| O|  |TAMS 0x00000000811fffd0, 0x0000000081100000| Untracked 
|  18|0x0000000081200000, 0x0000000081300000, 0x0000000081300000|100%| O|  |TAMS 0x0000000081300000, 0x0000000081200000| Untracked 
|  19|0x0000000081300000, 0x00000000813ffff8, 0x0000000081400000| 99%| O|  |TAMS 0x00000000813ffff8, 0x0000000081300000| Untracked 
|  20|0x0000000081400000, 0x0000000081500000, 0x0000000081500000|100%| O|  |TAMS 0x0000000081500000, 0x0000000081400000| Untracked 
|  21|0x0000000081500000, 0x0000000081600000, 0x0000000081600000|100%| O|  |TAMS 0x0000000081600000, 0x0000000081500000| Untracked 
|  22|0x0000000081600000, 0x0000000081700000, 0x0000000081700000|100%| O|  |TAMS 0x0000000081700000, 0x0000000081600000| Untracked 
|  23|0x0000000081700000, 0x0000000081800000, 0x0000000081800000|100%| O|  |TAMS 0x0000000081800000, 0x0000000081700000| Untracked 
|  24|0x0000000081800000, 0x00000000818fffe0, 0x0000000081900000| 99%| O|  |TAMS 0x00000000818fffe0, 0x0000000081800000| Untracked 
|  25|0x0000000081900000, 0x00000000819ffff8, 0x0000000081a00000| 99%| O|  |TAMS 0x00000000819ffff8, 0x0000000081900000| Untracked 
|  26|0x0000000081a00000, 0x0000000081affff8, 0x0000000081b00000| 99%| O|  |TAMS 0x0000000081affff8, 0x0000000081a00000| Untracked 
|  27|0x0000000081b00000, 0x0000000081bfff08, 0x0000000081c00000| 99%| O|  |TAMS 0x0000000081bfff08, 0x0000000081b00000| Untracked 
|  28|0x0000000081c00000, 0x0000000081d00000, 0x0000000081d00000|100%| O|  |TAMS 0x0000000081d00000, 0x0000000081c00000| Untracked 
|  29|0x0000000081d00000, 0x0000000081dfffe8, 0x0000000081e00000| 99%| O|  |TAMS 0x0000000081dfffe8, 0x0000000081d00000| Untracked 
|  30|0x0000000081e00000, 0x0000000081f00000, 0x0000000081f00000|100%| O|  |TAMS 0x0000000081f00000, 0x0000000081e00000| Untracked 
|  31|0x0000000081f00000, 0x0000000081fffff0, 0x0000000082000000| 99%| O|  |TAMS 0x0000000081fffff0, 0x0000000081f00000| Untracked 
|  32|0x0000000082000000, 0x00000000820fce88, 0x0000000082100000| 98%| O|  |TAMS 0x00000000820fce88, 0x0000000082000000| Untracked 
|  33|0x0000000082100000, 0x00000000821ffff0, 0x0000000082200000| 99%| O|  |TAMS 0x00000000821ffff0, 0x0000000082100000| Untracked 
|  34|0x0000000082200000, 0x00000000822fffa0, 0x0000000082300000| 99%| O|  |TAMS 0x00000000822fffa0, 0x0000000082200000| Untracked 
|  35|0x0000000082300000, 0x0000000082400000, 0x0000000082400000|100%| O|  |TAMS 0x0000000082400000, 0x0000000082300000| Untracked 
|  36|0x0000000082400000, 0x0000000082500000, 0x0000000082500000|100%| O|  |TAMS 0x0000000082500000, 0x0000000082400000| Untracked 
|  37|0x0000000082500000, 0x00000000825ffff8, 0x0000000082600000| 99%| O|  |TAMS 0x00000000825ffff8, 0x0000000082500000| Untracked 
|  38|0x0000000082600000, 0x00000000826fffd0, 0x0000000082700000| 99%| O|  |TAMS 0x00000000826fffd0, 0x0000000082600000| Untracked 
|  39|0x0000000082700000, 0x00000000827fb680, 0x0000000082800000| 98%| O|  |TAMS 0x00000000827fb680, 0x0000000082700000| Untracked 
|  40|0x0000000082800000, 0x0000000082900000, 0x0000000082900000|100%| O|  |TAMS 0x0000000082900000, 0x0000000082800000| Untracked 
|  41|0x0000000082900000, 0x00000000829ffff8, 0x0000000082a00000| 99%| O|  |TAMS 0x00000000829ffff8, 0x0000000082900000| Untracked 
|  42|0x0000000082a00000, 0x0000000082afe780, 0x0000000082b00000| 99%| O|  |TAMS 0x0000000082afe780, 0x0000000082a00000| Untracked 
|  43|0x0000000082b00000, 0x0000000082bfffb0, 0x0000000082c00000| 99%| O|  |TAMS 0x0000000082bfffb0, 0x0000000082b00000| Untracked 
|  44|0x0000000082c00000, 0x0000000082cfffd0, 0x0000000082d00000| 99%| O|  |TAMS 0x0000000082cfffd0, 0x0000000082c00000| Untracked 
|  45|0x0000000082d00000, 0x0000000082dffff0, 0x0000000082e00000| 99%| O|  |TAMS 0x0000000082dffff0, 0x0000000082d00000| Untracked 
|  46|0x0000000082e00000, 0x0000000082f00000, 0x0000000082f00000|100%|HS|  |TAMS 0x0000000082f00000, 0x0000000082e00000| Complete 
|  47|0x0000000082f00000, 0x0000000083000000, 0x0000000083000000|100%|HS|  |TAMS 0x0000000083000000, 0x0000000082f00000| Complete 
|  48|0x0000000083000000, 0x0000000083100000, 0x0000000083100000|100%|HC|  |TAMS 0x0000000083100000, 0x0000000083000000| Complete 
|  49|0x0000000083100000, 0x0000000083200000, 0x0000000083200000|100%|HC|  |TAMS 0x0000000083200000, 0x0000000083100000| Complete 
|  50|0x0000000083200000, 0x0000000083300000, 0x0000000083300000|100%|HS|  |TAMS 0x0000000083300000, 0x0000000083200000| Complete 
|  51|0x0000000083300000, 0x0000000083400000, 0x0000000083400000|100%|HC|  |TAMS 0x0000000083400000, 0x0000000083300000| Complete 
|  52|0x0000000083400000, 0x0000000083500000, 0x0000000083500000|100%|HC|  |TAMS 0x0000000083500000, 0x0000000083400000| Complete 
|  53|0x0000000083500000, 0x00000000835fffc0, 0x0000000083600000| 99%| O|  |TAMS 0x00000000835fffc0, 0x0000000083500000| Untracked 
|  54|0x0000000083600000, 0x00000000836fffe8, 0x0000000083700000| 99%| O|  |TAMS 0x00000000836fffe8, 0x0000000083600000| Untracked 
|  55|0x0000000083700000, 0x00000000837fffe8, 0x0000000083800000| 99%| O|  |TAMS 0x00000000837fffe8, 0x0000000083700000| Untracked 
|  56|0x0000000083800000, 0x00000000838ffec8, 0x0000000083900000| 99%| O|  |TAMS 0x00000000838ffec8, 0x0000000083800000| Untracked 
|  57|0x0000000083900000, 0x0000000083a00000, 0x0000000083a00000|100%| O|  |TAMS 0x0000000083a00000, 0x0000000083900000| Untracked 
|  58|0x0000000083a00000, 0x0000000083afffe0, 0x0000000083b00000| 99%| O|  |TAMS 0x0000000083afffe0, 0x0000000083a00000| Untracked 
|  59|0x0000000083b00000, 0x0000000083c00000, 0x0000000083c00000|100%| O|  |TAMS 0x0000000083c00000, 0x0000000083b00000| Untracked 
|  60|0x0000000083c00000, 0x0000000083cffff0, 0x0000000083d00000| 99%| O|  |TAMS 0x0000000083cffff0, 0x0000000083c00000| Untracked 
|  61|0x0000000083d00000, 0x0000000083dffff8, 0x0000000083e00000| 99%| O|  |TAMS 0x0000000083dffff8, 0x0000000083d00000| Untracked 
|  62|0x0000000083e00000, 0x0000000083f00000, 0x0000000083f00000|100%| O|  |TAMS 0x0000000083f00000, 0x0000000083e00000| Untracked 
|  63|0x0000000083f00000, 0x0000000084000000, 0x0000000084000000|100%| O|  |TAMS 0x0000000084000000, 0x0000000083f00000| Untracked 
|  64|0x0000000084000000, 0x0000000084100000, 0x0000000084100000|100%| O|  |TAMS 0x0000000084100000, 0x0000000084000000| Untracked 
|  65|0x0000000084100000, 0x00000000841fffc0, 0x0000000084200000| 99%| O|  |TAMS 0x00000000841fffc0, 0x0000000084100000| Untracked 
|  66|0x0000000084200000, 0x00000000842fffe8, 0x0000000084300000| 99%| O|  |TAMS 0x00000000842fffe8, 0x0000000084200000| Untracked 
|  67|0x0000000084300000, 0x00000000843fffe8, 0x0000000084400000| 99%| O|  |TAMS 0x00000000843fffe8, 0x0000000084300000| Untracked 
|  68|0x0000000084400000, 0x00000000844fffe8, 0x0000000084500000| 99%| O|  |TAMS 0x00000000844fffe8, 0x0000000084400000| Untracked 
|  69|0x0000000084500000, 0x0000000084600000, 0x0000000084600000|100%| O|  |TAMS 0x0000000084600000, 0x0000000084500000| Untracked 
|  70|0x0000000084600000, 0x0000000084700000, 0x0000000084700000|100%| O|  |TAMS 0x0000000084700000, 0x0000000084600000| Untracked 
|  71|0x0000000084700000, 0x00000000847fff88, 0x0000000084800000| 99%| O|  |TAMS 0x00000000847fff88, 0x0000000084700000| Untracked 
|  72|0x0000000084800000, 0x00000000848fff60, 0x0000000084900000| 99%| O|  |TAMS 0x00000000848fff60, 0x0000000084800000| Untracked 
|  73|0x0000000084900000, 0x00000000849ffff0, 0x0000000084a00000| 99%| O|  |TAMS 0x00000000849ffff0, 0x0000000084900000| Untracked 
|  74|0x0000000084a00000, 0x0000000084affff8, 0x0000000084b00000| 99%| O|  |TAMS 0x0000000084affff8, 0x0000000084a00000| Untracked 
|  75|0x0000000084b00000, 0x0000000084bfffd0, 0x0000000084c00000| 99%| O|  |TAMS 0x0000000084bfffd0, 0x0000000084b00000| Untracked 
|  76|0x0000000084c00000, 0x0000000084cffff0, 0x0000000084d00000| 99%| O|  |TAMS 0x0000000084cffff0, 0x0000000084c00000| Untracked 
|  77|0x0000000084d00000, 0x0000000084dfffe8, 0x0000000084e00000| 99%| O|  |TAMS 0x0000000084dfffe8, 0x0000000084d00000| Untracked 
|  78|0x0000000084e00000, 0x0000000084f00000, 0x0000000084f00000|100%|HS|  |TAMS 0x0000000084f00000, 0x0000000084e00000| Complete 
|  79|0x0000000084f00000, 0x0000000085000000, 0x0000000085000000|100%|HS|  |TAMS 0x0000000085000000, 0x0000000084f00000| Complete 
|  80|0x0000000085000000, 0x00000000850ffff0, 0x0000000085100000| 99%| O|  |TAMS 0x00000000850ffff0, 0x0000000085000000| Untracked 
|  81|0x0000000085100000, 0x0000000085200000, 0x0000000085200000|100%|HS|  |TAMS 0x0000000085200000, 0x0000000085100000| Complete 
|  82|0x0000000085200000, 0x0000000085300000, 0x0000000085300000|100%| O|  |TAMS 0x0000000085300000, 0x0000000085200000| Untracked 
|  83|0x0000000085300000, 0x0000000085400000, 0x0000000085400000|100%| O|  |TAMS 0x0000000085400000, 0x0000000085300000| Untracked 
|  84|0x0000000085400000, 0x00000000854fffd8, 0x0000000085500000| 99%| O|  |TAMS 0x00000000854fffd8, 0x0000000085400000| Untracked 
|  85|0x0000000085500000, 0x00000000855fffa0, 0x0000000085600000| 99%| O|  |TAMS 0x00000000855fffa0, 0x0000000085500000| Untracked 
|  86|0x0000000085600000, 0x00000000856fb1d8, 0x0000000085700000| 98%| O|  |TAMS 0x00000000856fb1d8, 0x0000000085600000| Untracked 
|  87|0x0000000085700000, 0x00000000857fff80, 0x0000000085800000| 99%| O|  |TAMS 0x00000000857fff80, 0x0000000085700000| Untracked 
|  88|0x0000000085800000, 0x00000000858fffa0, 0x0000000085900000| 99%| O|  |TAMS 0x00000000858fffa0, 0x0000000085800000| Untracked 
|  89|0x0000000085900000, 0x0000000085a00000, 0x0000000085a00000|100%|HS|  |TAMS 0x0000000085a00000, 0x0000000085900000| Complete 
|  90|0x0000000085a00000, 0x0000000085b00000, 0x0000000085b00000|100%|HS|  |TAMS 0x0000000085b00000, 0x0000000085a00000| Complete 
|  91|0x0000000085b00000, 0x0000000085bffff8, 0x0000000085c00000| 99%| O|  |TAMS 0x0000000085bffff8, 0x0000000085b00000| Untracked 
|  92|0x0000000085c00000, 0x0000000085d00000, 0x0000000085d00000|100%| O|  |TAMS 0x0000000085d00000, 0x0000000085c00000| Untracked 
|  93|0x0000000085d00000, 0x0000000085decb38, 0x0000000085e00000| 92%| O|  |TAMS 0x0000000085decb38, 0x0000000085d00000| Untracked 
|  94|0x0000000085e00000, 0x0000000085efffe0, 0x0000000085f00000| 99%| O|  |TAMS 0x0000000085efffe0, 0x0000000085e00000| Untracked 
|  95|0x0000000085f00000, 0x0000000086000000, 0x0000000086000000|100%|HS|  |TAMS 0x0000000086000000, 0x0000000085f00000| Complete 
|  96|0x0000000086000000, 0x00000000860fbf48, 0x0000000086100000| 98%| O|  |TAMS 0x00000000860fbf48, 0x0000000086000000| Untracked 
|  97|0x0000000086100000, 0x00000000861ffff0, 0x0000000086200000| 99%| O|  |TAMS 0x00000000861ffff0, 0x0000000086100000| Untracked 
|  98|0x0000000086200000, 0x0000000086300000, 0x0000000086300000|100%| O|  |TAMS 0x0000000086300000, 0x0000000086200000| Untracked 
|  99|0x0000000086300000, 0x00000000863ffff0, 0x0000000086400000| 99%| O|  |TAMS 0x00000000863ffff0, 0x0000000086300000| Untracked 
| 100|0x0000000086400000, 0x00000000864ef420, 0x0000000086500000| 93%| O|  |TAMS 0x00000000864ef420, 0x0000000086400000| Untracked 
| 101|0x0000000086500000, 0x00000000865df9c0, 0x0000000086600000| 87%| O|  |TAMS 0x00000000865df9c0, 0x0000000086500000| Untracked 
| 102|0x0000000086600000, 0x0000000086700000, 0x0000000086700000|100%|HS|  |TAMS 0x0000000086700000, 0x0000000086600000| Complete 
| 103|0x0000000086700000, 0x0000000086800000, 0x0000000086800000|100%|HC|  |TAMS 0x0000000086800000, 0x0000000086700000| Complete 
| 104|0x0000000086800000, 0x0000000086900000, 0x0000000086900000|100%|HC|  |TAMS 0x0000000086900000, 0x0000000086800000| Complete 
| 105|0x0000000086900000, 0x00000000869fffb8, 0x0000000086a00000| 99%| O|  |TAMS 0x00000000869fffb8, 0x0000000086900000| Untracked 
| 106|0x0000000086a00000, 0x0000000086afffb0, 0x0000000086b00000| 99%| O|  |TAMS 0x0000000086afffb0, 0x0000000086a00000| Untracked 
| 107|0x0000000086b00000, 0x0000000086bffad0, 0x0000000086c00000| 99%| O|  |TAMS 0x0000000086bffad0, 0x0000000086b00000| Untracked 
| 108|0x0000000086c00000, 0x0000000086d00000, 0x0000000086d00000|100%| O|  |TAMS 0x0000000086d00000, 0x0000000086c00000| Untracked 
| 109|0x0000000086d00000, 0x0000000086e00000, 0x0000000086e00000|100%| O|  |TAMS 0x0000000086e00000, 0x0000000086d00000| Untracked 
| 110|0x0000000086e00000, 0x0000000086efffd8, 0x0000000086f00000| 99%| O|  |TAMS 0x0000000086efffd8, 0x0000000086e00000| Untracked 
| 111|0x0000000086f00000, 0x0000000086ffee18, 0x0000000087000000| 99%| O|  |TAMS 0x0000000086ffee18, 0x0000000086f00000| Untracked 
| 112|0x0000000087000000, 0x00000000870fffd8, 0x0000000087100000| 99%| O|  |TAMS 0x00000000870fffd8, 0x0000000087000000| Untracked 
| 113|0x0000000087100000, 0x00000000871ffff0, 0x0000000087200000| 99%| O|  |TAMS 0x00000000871ffff0, 0x0000000087100000| Untracked 
| 114|0x0000000087200000, 0x00000000872fffd0, 0x0000000087300000| 99%| O|  |TAMS 0x00000000872fffd0, 0x0000000087200000| Untracked 
| 115|0x0000000087300000, 0x00000000873ffff0, 0x0000000087400000| 99%| O|  |TAMS 0x00000000873ffff0, 0x0000000087300000| Untracked 
| 116|0x0000000087400000, 0x00000000874fe818, 0x0000000087500000| 99%| O|  |TAMS 0x00000000874fe818, 0x0000000087400000| Untracked 
| 117|0x0000000087500000, 0x00000000875fffe8, 0x0000000087600000| 99%| O|  |TAMS 0x00000000875fffe8, 0x0000000087500000| Untracked 
| 118|0x0000000087600000, 0x00000000876ffd58, 0x0000000087700000| 99%| O|  |TAMS 0x00000000876ffd58, 0x0000000087600000| Untracked 
| 119|0x0000000087700000, 0x00000000877ffff0, 0x0000000087800000| 99%| O|  |TAMS 0x00000000877ffff0, 0x0000000087700000| Untracked 
| 120|0x0000000087800000, 0x0000000087900000, 0x0000000087900000|100%| O|  |TAMS 0x0000000087900000, 0x0000000087800000| Untracked 
| 121|0x0000000087900000, 0x00000000879fffe8, 0x0000000087a00000| 99%| O|  |TAMS 0x00000000879fffe8, 0x0000000087900000| Untracked 
| 122|0x0000000087a00000, 0x0000000087afffe8, 0x0000000087b00000| 99%| O|  |TAMS 0x0000000087afffe8, 0x0000000087a00000| Untracked 
| 123|0x0000000087b00000, 0x0000000087bf3250, 0x0000000087c00000| 94%| O|  |TAMS 0x0000000087bf3250, 0x0000000087b00000| Untracked 
| 124|0x0000000087c00000, 0x0000000087cfffd8, 0x0000000087d00000| 99%| O|  |TAMS 0x0000000087cfffd8, 0x0000000087c00000| Untracked 
| 125|0x0000000087d00000, 0x0000000087dffff0, 0x0000000087e00000| 99%| O|  |TAMS 0x0000000087dffff0, 0x0000000087d00000| Untracked 
| 126|0x0000000087e00000, 0x0000000087efffb8, 0x0000000087f00000| 99%| O|  |TAMS 0x0000000087efffb8, 0x0000000087e00000| Untracked 
| 127|0x0000000087f00000, 0x0000000088000000, 0x0000000088000000|100%| O|  |TAMS 0x0000000088000000, 0x0000000087f00000| Untracked 
| 128|0x0000000088000000, 0x00000000880fffd8, 0x0000000088100000| 99%| O|  |TAMS 0x00000000880fffd8, 0x0000000088000000| Untracked 
| 129|0x0000000088100000, 0x00000000881fffe8, 0x0000000088200000| 99%| O|  |TAMS 0x00000000881fffe8, 0x0000000088100000| Untracked 
| 130|0x0000000088200000, 0x0000000088300000, 0x0000000088300000|100%|HS|  |TAMS 0x0000000088300000, 0x0000000088200000| Complete 
| 131|0x0000000088300000, 0x0000000088400000, 0x0000000088400000|100%|HS|  |TAMS 0x0000000088400000, 0x0000000088300000| Complete 
| 132|0x0000000088400000, 0x0000000088500000, 0x0000000088500000|100%|HS|  |TAMS 0x0000000088500000, 0x0000000088400000| Complete 
| 133|0x0000000088500000, 0x0000000088600000, 0x0000000088600000|100%|HS|  |TAMS 0x0000000088600000, 0x0000000088500000| Complete 
| 134|0x0000000088600000, 0x0000000088700000, 0x0000000088700000|100%| O|  |TAMS 0x0000000088700000, 0x0000000088600000| Untracked 
| 135|0x0000000088700000, 0x0000000088800000, 0x0000000088800000|100%| O|  |TAMS 0x0000000088800000, 0x0000000088700000| Untracked 
| 136|0x0000000088800000, 0x0000000088900000, 0x0000000088900000|100%| O|  |TAMS 0x0000000088900000, 0x0000000088800000| Untracked 
| 137|0x0000000088900000, 0x0000000088a00000, 0x0000000088a00000|100%| O|  |TAMS 0x0000000088a00000, 0x0000000088900000| Untracked 
| 138|0x0000000088a00000, 0x0000000088af1950, 0x0000000088b00000| 94%| O|  |TAMS 0x0000000088af1950, 0x0000000088a00000| Untracked 
| 139|0x0000000088b00000, 0x0000000088bffff0, 0x0000000088c00000| 99%| O|  |TAMS 0x0000000088bffff0, 0x0000000088b00000| Untracked 
| 140|0x0000000088c00000, 0x0000000088d00000, 0x0000000088d00000|100%| O|  |TAMS 0x0000000088d00000, 0x0000000088c00000| Untracked 
| 141|0x0000000088d00000, 0x0000000088dffff8, 0x0000000088e00000| 99%| O|  |TAMS 0x0000000088dffff8, 0x0000000088d00000| Untracked 
| 142|0x0000000088e00000, 0x0000000088efffe8, 0x0000000088f00000| 99%| O|  |TAMS 0x0000000088efffe8, 0x0000000088e00000| Untracked 
| 143|0x0000000088f00000, 0x0000000088fffff0, 0x0000000089000000| 99%| O|  |TAMS 0x0000000088fffff0, 0x0000000088f00000| Untracked 
| 144|0x0000000089000000, 0x00000000890ffff8, 0x0000000089100000| 99%| O|  |TAMS 0x00000000890ffff8, 0x0000000089000000| Untracked 
| 145|0x0000000089100000, 0x0000000089200000, 0x0000000089200000|100%| O|  |TAMS 0x0000000089200000, 0x0000000089100000| Complete 
| 146|0x0000000089200000, 0x00000000892ffff0, 0x0000000089300000| 99%| O|  |TAMS 0x00000000892ffff0, 0x0000000089200000| Untracked 
| 147|0x0000000089300000, 0x00000000893ffff8, 0x0000000089400000| 99%| O|  |TAMS 0x00000000893ffff8, 0x0000000089300000| Untracked 
| 148|0x0000000089400000, 0x0000000089500000, 0x0000000089500000|100%| O|  |TAMS 0x0000000089500000, 0x0000000089400000| Untracked 
| 149|0x0000000089500000, 0x0000000089600000, 0x0000000089600000|100%| O|  |TAMS 0x0000000089600000, 0x0000000089500000| Untracked 
| 150|0x0000000089600000, 0x00000000896ffff8, 0x0000000089700000| 99%| O|  |TAMS 0x00000000896ffff8, 0x0000000089600000| Untracked 
| 151|0x0000000089700000, 0x0000000089800000, 0x0000000089800000|100%| O|  |TAMS 0x0000000089800000, 0x0000000089700000| Untracked 
| 152|0x0000000089800000, 0x00000000898fff98, 0x0000000089900000| 99%| O|  |TAMS 0x00000000898fff98, 0x0000000089800000| Untracked 
| 153|0x0000000089900000, 0x0000000089a00000, 0x0000000089a00000|100%| O|  |TAMS 0x0000000089a00000, 0x0000000089900000| Untracked 
| 154|0x0000000089a00000, 0x0000000089af91e0, 0x0000000089b00000| 97%| O|  |TAMS 0x0000000089af91e0, 0x0000000089a00000| Untracked 
| 155|0x0000000089b00000, 0x0000000089c00000, 0x0000000089c00000|100%| O|  |TAMS 0x0000000089c00000, 0x0000000089b00000| Untracked 
| 156|0x0000000089c00000, 0x0000000089d00000, 0x0000000089d00000|100%| O|  |TAMS 0x0000000089d00000, 0x0000000089c00000| Untracked 
| 157|0x0000000089d00000, 0x0000000089e00000, 0x0000000089e00000|100%| O|  |TAMS 0x0000000089e00000, 0x0000000089d00000| Untracked 
| 158|0x0000000089e00000, 0x0000000089effff0, 0x0000000089f00000| 99%| O|  |TAMS 0x0000000089effff0, 0x0000000089e00000| Untracked 
| 159|0x0000000089f00000, 0x0000000089ffffe0, 0x000000008a000000| 99%| O|  |TAMS 0x0000000089ffffe0, 0x0000000089f00000| Untracked 
| 160|0x000000008a000000, 0x000000008a0fffd8, 0x000000008a100000| 99%| O|  |TAMS 0x000000008a0fffd8, 0x000000008a000000| Untracked 
| 161|0x000000008a100000, 0x000000008a200000, 0x000000008a200000|100%| O|  |TAMS 0x000000008a200000, 0x000000008a100000| Untracked 
| 162|0x000000008a200000, 0x000000008a2ffff0, 0x000000008a300000| 99%| O|  |TAMS 0x000000008a2ffff0, 0x000000008a200000| Untracked 
| 163|0x000000008a300000, 0x000000008a3fffe8, 0x000000008a400000| 99%| O|  |TAMS 0x000000008a3fffe8, 0x000000008a300000| Untracked 
| 164|0x000000008a400000, 0x000000008a500000, 0x000000008a500000|100%| O|  |TAMS 0x000000008a500000, 0x000000008a400000| Untracked 
| 165|0x000000008a500000, 0x000000008a581798, 0x000000008a600000| 50%| O|  |TAMS 0x000000008a581798, 0x000000008a500000| Untracked 
| 166|0x000000008a600000, 0x000000008a6ffff8, 0x000000008a700000| 99%| O|  |TAMS 0x000000008a6ffff8, 0x000000008a600000| Untracked 
| 167|0x000000008a700000, 0x000000008a800000, 0x000000008a800000|100%| O|  |TAMS 0x000000008a800000, 0x000000008a700000| Untracked 
| 168|0x000000008a800000, 0x000000008a900000, 0x000000008a900000|100%| O|  |TAMS 0x000000008a900000, 0x000000008a800000| Untracked 
| 169|0x000000008a900000, 0x000000008a9fffe0, 0x000000008aa00000| 99%| O|  |TAMS 0x000000008a9fffe0, 0x000000008a900000| Untracked 
| 170|0x000000008aa00000, 0x000000008aafffe8, 0x000000008ab00000| 99%| O|  |TAMS 0x000000008aafffe8, 0x000000008aa00000| Untracked 
| 171|0x000000008ab00000, 0x000000008abfffe8, 0x000000008ac00000| 99%| O|  |TAMS 0x000000008abfffe8, 0x000000008ab00000| Untracked 
| 172|0x000000008ac00000, 0x000000008ad00000, 0x000000008ad00000|100%| O|  |TAMS 0x000000008ad00000, 0x000000008ac00000| Complete 
| 173|0x000000008ad00000, 0x000000008adffff0, 0x000000008ae00000| 99%| O|  |TAMS 0x000000008adffff0, 0x000000008ad00000| Untracked 
| 174|0x000000008ae00000, 0x000000008af00000, 0x000000008af00000|100%| O|  |TAMS 0x000000008af00000, 0x000000008ae00000| Untracked 
| 175|0x000000008af00000, 0x000000008b000000, 0x000000008b000000|100%| O|  |TAMS 0x000000008b000000, 0x000000008af00000| Untracked 
| 176|0x000000008b000000, 0x000000008b100000, 0x000000008b100000|100%| O|  |TAMS 0x000000008b100000, 0x000000008b000000| Untracked 
| 177|0x000000008b100000, 0x000000008b200000, 0x000000008b200000|100%| O|  |TAMS 0x000000008b200000, 0x000000008b100000| Untracked 
| 178|0x000000008b200000, 0x000000008b2d6d48, 0x000000008b300000| 83%| O|  |TAMS 0x000000008b2d6d48, 0x000000008b200000| Untracked 
| 179|0x000000008b300000, 0x000000008b3fffe8, 0x000000008b400000| 99%| O|  |TAMS 0x000000008b3fffe8, 0x000000008b300000| Untracked 
| 180|0x000000008b400000, 0x000000008b500000, 0x000000008b500000|100%| O|  |TAMS 0x000000008b500000, 0x000000008b400000| Untracked 
| 181|0x000000008b500000, 0x000000008b600000, 0x000000008b600000|100%| O|  |TAMS 0x000000008b600000, 0x000000008b500000| Untracked 
| 182|0x000000008b600000, 0x000000008b700000, 0x000000008b700000|100%| O|  |TAMS 0x000000008b700000, 0x000000008b600000| Untracked 
| 183|0x000000008b700000, 0x000000008b800000, 0x000000008b800000|100%| O|  |TAMS 0x000000008b800000, 0x000000008b700000| Untracked 
| 184|0x000000008b800000, 0x000000008b8fffe8, 0x000000008b900000| 99%| O|  |TAMS 0x000000008b8fffe8, 0x000000008b800000| Untracked 
| 185|0x000000008b900000, 0x000000008b9fffc8, 0x000000008ba00000| 99%| O|  |TAMS 0x000000008b9fffc8, 0x000000008b900000| Untracked 
| 186|0x000000008ba00000, 0x000000008bafffe0, 0x000000008bb00000| 99%| O|  |TAMS 0x000000008bafffe0, 0x000000008ba00000| Untracked 
| 187|0x000000008bb00000, 0x000000008bbffff0, 0x000000008bc00000| 99%| O|  |TAMS 0x000000008bbffff0, 0x000000008bb00000| Untracked 
| 188|0x000000008bc00000, 0x000000008bcef268, 0x000000008bd00000| 93%| O|  |TAMS 0x000000008bcef268, 0x000000008bc00000| Untracked 
| 189|0x000000008bd00000, 0x000000008bdffff0, 0x000000008be00000| 99%| O|  |TAMS 0x000000008bdffff0, 0x000000008bd00000| Untracked 
| 190|0x000000008be00000, 0x000000008bf00000, 0x000000008bf00000|100%| O|  |TAMS 0x000000008bf00000, 0x000000008be00000| Untracked 
| 191|0x000000008bf00000, 0x000000008bff7800, 0x000000008c000000| 96%| O|  |TAMS 0x000000008bff7800, 0x000000008bf00000| Untracked 
| 192|0x000000008c000000, 0x000000008c100000, 0x000000008c100000|100%| O|  |TAMS 0x000000008c100000, 0x000000008c000000| Untracked 
| 193|0x000000008c100000, 0x000000008c1e2d60, 0x000000008c200000| 88%| O|  |TAMS 0x000000008c1e2d60, 0x000000008c100000| Untracked 
| 194|0x000000008c200000, 0x000000008c300000, 0x000000008c300000|100%| O|  |TAMS 0x000000008c300000, 0x000000008c200000| Untracked 
| 195|0x000000008c300000, 0x000000008c400000, 0x000000008c400000|100%| O|  |TAMS 0x000000008c400000, 0x000000008c300000| Untracked 
| 196|0x000000008c400000, 0x000000008c500000, 0x000000008c500000|100%| O|  |TAMS 0x000000008c500000, 0x000000008c400000| Untracked 
| 197|0x000000008c500000, 0x000000008c5fffe8, 0x000000008c600000| 99%| O|  |TAMS 0x000000008c5fffe8, 0x000000008c500000| Untracked 
| 198|0x000000008c600000, 0x000000008c700000, 0x000000008c700000|100%| O|  |TAMS 0x000000008c700000, 0x000000008c600000| Untracked 
| 199|0x000000008c700000, 0x000000008c7fffe8, 0x000000008c800000| 99%| O|  |TAMS 0x000000008c7fffe8, 0x000000008c700000| Untracked 
| 200|0x000000008c800000, 0x000000008c8fffd8, 0x000000008c900000| 99%| O|  |TAMS 0x000000008c8fffd8, 0x000000008c800000| Untracked 
| 201|0x000000008c900000, 0x000000008c9cd6e8, 0x000000008ca00000| 80%| O|  |TAMS 0x000000008c9cd6e8, 0x000000008c900000| Untracked 
| 202|0x000000008ca00000, 0x000000008caff4b8, 0x000000008cb00000| 99%| O|  |TAMS 0x000000008caff4b8, 0x000000008ca00000| Untracked 
| 203|0x000000008cb00000, 0x000000008cc00000, 0x000000008cc00000|100%| O|  |TAMS 0x000000008cc00000, 0x000000008cb00000| Untracked 
| 204|0x000000008cc00000, 0x000000008cd00000, 0x000000008cd00000|100%| O|  |TAMS 0x000000008cd00000, 0x000000008cc00000| Untracked 
| 205|0x000000008cd00000, 0x000000008cdfffc0, 0x000000008ce00000| 99%| O|  |TAMS 0x000000008cdfffc0, 0x000000008cd00000| Untracked 
| 206|0x000000008ce00000, 0x000000008cf00000, 0x000000008cf00000|100%| O|  |TAMS 0x000000008cf00000, 0x000000008ce00000| Untracked 
| 207|0x000000008cf00000, 0x000000008cfffff0, 0x000000008d000000| 99%| O|  |TAMS 0x000000008cfffff0, 0x000000008cf00000| Untracked 
| 208|0x000000008d000000, 0x000000008d100000, 0x000000008d100000|100%| O|  |TAMS 0x000000008d100000, 0x000000008d000000| Untracked 
| 209|0x000000008d100000, 0x000000008d200000, 0x000000008d200000|100%| O|  |TAMS 0x000000008d200000, 0x000000008d100000| Untracked 
| 210|0x000000008d200000, 0x000000008d300000, 0x000000008d300000|100%| O|  |TAMS 0x000000008d200000, 0x000000008d200000| Untracked 
| 211|0x000000008d300000, 0x000000008d400000, 0x000000008d400000|100%| O|  |TAMS 0x000000008d400000, 0x000000008d300000| Untracked 
| 212|0x000000008d400000, 0x000000008d4ffff0, 0x000000008d500000| 99%| O|  |TAMS 0x000000008d4ffff0, 0x000000008d400000| Untracked 
| 213|0x000000008d500000, 0x000000008d5ffff8, 0x000000008d600000| 99%| O|  |TAMS 0x000000008d5ffff8, 0x000000008d500000| Untracked 
| 214|0x000000008d600000, 0x000000008d700000, 0x000000008d700000|100%| O|  |TAMS 0x000000008d700000, 0x000000008d600000| Untracked 
| 215|0x000000008d700000, 0x000000008d7fff68, 0x000000008d800000| 99%| O|  |TAMS 0x000000008d7fff68, 0x000000008d700000| Untracked 
| 216|0x000000008d800000, 0x000000008d900000, 0x000000008d900000|100%| O|  |TAMS 0x000000008d900000, 0x000000008d800000| Untracked 
| 217|0x000000008d900000, 0x000000008da00000, 0x000000008da00000|100%| O|  |TAMS 0x000000008d900000, 0x000000008d900000| Untracked 
| 218|0x000000008da00000, 0x000000008db00000, 0x000000008db00000|100%| O|  |TAMS 0x000000008db00000, 0x000000008da00000| Untracked 
| 219|0x000000008db00000, 0x000000008dc00000, 0x000000008dc00000|100%| O|  |TAMS 0x000000008db00000, 0x000000008db00000| Untracked 
| 220|0x000000008dc00000, 0x000000008dd00000, 0x000000008dd00000|100%|HS|  |TAMS 0x000000008dd00000, 0x000000008dc00000| Complete 
| 221|0x000000008dd00000, 0x000000008de00000, 0x000000008de00000|100%|HS|  |TAMS 0x000000008de00000, 0x000000008dd00000| Complete 
| 222|0x000000008de00000, 0x000000008df00000, 0x000000008df00000|100%| O|  |TAMS 0x000000008df00000, 0x000000008de00000| Untracked 
| 223|0x000000008df00000, 0x000000008e000000, 0x000000008e000000|100%|HS|  |TAMS 0x000000008e000000, 0x000000008df00000| Complete 
| 224|0x000000008e000000, 0x000000008e100000, 0x000000008e100000|100%|HC|  |TAMS 0x000000008e100000, 0x000000008e000000| Complete 
| 225|0x000000008e100000, 0x000000008e1abc30, 0x000000008e200000| 67%| O|  |TAMS 0x000000008e1abc30, 0x000000008e100000| Untracked 
| 226|0x000000008e200000, 0x000000008e300000, 0x000000008e300000|100%| O|  |TAMS 0x000000008e300000, 0x000000008e200000| Complete 
| 227|0x000000008e300000, 0x000000008e400000, 0x000000008e400000|100%|HS|  |TAMS 0x000000008e400000, 0x000000008e300000| Complete 
| 228|0x000000008e400000, 0x000000008e500000, 0x000000008e500000|100%|HC|  |TAMS 0x000000008e500000, 0x000000008e400000| Complete 
| 229|0x000000008e500000, 0x000000008e600000, 0x000000008e600000|100%|HC|  |TAMS 0x000000008e600000, 0x000000008e500000| Complete 
| 230|0x000000008e600000, 0x000000008e700000, 0x000000008e700000|100%| O|  |TAMS 0x000000008e600000, 0x000000008e600000| Untracked 
| 231|0x000000008e700000, 0x000000008e7ffff8, 0x000000008e800000| 99%| O|  |TAMS 0x000000008e7ffff8, 0x000000008e700000| Untracked 
| 232|0x000000008e800000, 0x000000008e900000, 0x000000008e900000|100%| O|  |TAMS 0x000000008e900000, 0x000000008e800000| Untracked 
| 233|0x000000008e900000, 0x000000008ea00000, 0x000000008ea00000|100%| O|  |TAMS 0x000000008ea00000, 0x000000008e900000| Untracked 
| 234|0x000000008ea00000, 0x000000008eaffff8, 0x000000008eb00000| 99%| O|  |TAMS 0x000000008eaffff8, 0x000000008ea00000| Untracked 
| 235|0x000000008eb00000, 0x000000008ec00000, 0x000000008ec00000|100%| O|  |TAMS 0x000000008ec00000, 0x000000008eb00000| Untracked 
| 236|0x000000008ec00000, 0x000000008ed00000, 0x000000008ed00000|100%| O|  |TAMS 0x000000008ed00000, 0x000000008ec00000| Untracked 
| 237|0x000000008ed00000, 0x000000008ee00000, 0x000000008ee00000|100%| O|  |TAMS 0x000000008ee00000, 0x000000008ed00000| Untracked 
| 238|0x000000008ee00000, 0x000000008eeffff0, 0x000000008ef00000| 99%| O|  |TAMS 0x000000008eeffff0, 0x000000008ee00000| Untracked 
| 239|0x000000008ef00000, 0x000000008f000000, 0x000000008f000000|100%| O|  |TAMS 0x000000008f000000, 0x000000008ef00000| Untracked 
| 240|0x000000008f000000, 0x000000008f100000, 0x000000008f100000|100%| O|  |TAMS 0x000000008f100000, 0x000000008f000000| Untracked 
| 241|0x000000008f100000, 0x000000008f200000, 0x000000008f200000|100%| O|  |TAMS 0x000000008f200000, 0x000000008f100000| Untracked 
| 242|0x000000008f200000, 0x000000008f300000, 0x000000008f300000|100%| O|  |TAMS 0x000000008f300000, 0x000000008f200000| Untracked 
| 243|0x000000008f300000, 0x000000008f400000, 0x000000008f400000|100%|HS|  |TAMS 0x000000008f400000, 0x000000008f300000| Complete 
| 244|0x000000008f400000, 0x000000008f500000, 0x000000008f500000|100%|HS|  |TAMS 0x000000008f500000, 0x000000008f400000| Complete 
| 245|0x000000008f500000, 0x000000008f600000, 0x000000008f600000|100%| O|  |TAMS 0x000000008f600000, 0x000000008f500000| Untracked 
| 246|0x000000008f600000, 0x000000008f700000, 0x000000008f700000|100%| O|  |TAMS 0x000000008f600000, 0x000000008f600000| Untracked 
| 247|0x000000008f700000, 0x000000008f800000, 0x000000008f800000|100%| O|  |TAMS 0x000000008f800000, 0x000000008f700000| Untracked 
| 248|0x000000008f800000, 0x000000008f900000, 0x000000008f900000|100%| O|  |TAMS 0x000000008f800000, 0x000000008f800000| Untracked 
| 249|0x000000008f900000, 0x000000008fa00000, 0x000000008fa00000|100%| O|  |TAMS 0x000000008fa00000, 0x000000008f900000| Untracked 
| 250|0x000000008fa00000, 0x000000008fb00000, 0x000000008fb00000|100%| O|  |TAMS 0x000000008fb00000, 0x000000008fa00000| Untracked 
| 251|0x000000008fb00000, 0x000000008fc00000, 0x000000008fc00000|100%| O|  |TAMS 0x000000008fc00000, 0x000000008fb00000| Untracked 
| 252|0x000000008fc00000, 0x000000008fd00000, 0x000000008fd00000|100%| O|  |TAMS 0x000000008fd00000, 0x000000008fc00000| Untracked 
| 253|0x000000008fd00000, 0x000000008fddc3a8, 0x000000008fe00000| 86%| O|  |TAMS 0x000000008fddc3a8, 0x000000008fd00000| Untracked 
| 254|0x000000008fe00000, 0x000000008ff00000, 0x000000008ff00000|100%| O|  |TAMS 0x000000008ff00000, 0x000000008fe00000| Untracked 
| 255|0x000000008ff00000, 0x0000000090000000, 0x0000000090000000|100%| O|  |TAMS 0x0000000090000000, 0x000000008ff00000| Untracked 
| 256|0x0000000090000000, 0x0000000090100000, 0x0000000090100000|100%| O|  |TAMS 0x0000000090100000, 0x0000000090000000| Untracked 
| 257|0x0000000090100000, 0x0000000090200000, 0x0000000090200000|100%| O|  |TAMS 0x0000000090200000, 0x0000000090100000| Complete 
| 258|0x0000000090200000, 0x0000000090300000, 0x0000000090300000|100%| O|  |TAMS 0x0000000090300000, 0x0000000090200000| Untracked 
| 259|0x0000000090300000, 0x0000000090400000, 0x0000000090400000|100%| O|  |TAMS 0x0000000090400000, 0x0000000090300000| Untracked 
| 260|0x0000000090400000, 0x0000000090500000, 0x0000000090500000|100%| O|  |TAMS 0x0000000090500000, 0x0000000090400000| Untracked 
| 261|0x0000000090500000, 0x0000000090600000, 0x0000000090600000|100%| O|  |TAMS 0x0000000090600000, 0x0000000090500000| Untracked 
| 262|0x0000000090600000, 0x0000000090700000, 0x0000000090700000|100%| O|  |TAMS 0x0000000090700000, 0x0000000090600000| Untracked 
| 263|0x0000000090700000, 0x0000000090800000, 0x0000000090800000|100%| O|  |TAMS 0x0000000090700000, 0x0000000090700000| Untracked 
| 264|0x0000000090800000, 0x0000000090900000, 0x0000000090900000|100%| O|  |TAMS 0x0000000090900000, 0x0000000090800000| Untracked 
| 265|0x0000000090900000, 0x0000000090a00000, 0x0000000090a00000|100%| O|  |TAMS 0x0000000090a00000, 0x0000000090900000| Untracked 
| 266|0x0000000090a00000, 0x0000000090b00000, 0x0000000090b00000|100%| O|  |TAMS 0x0000000090b00000, 0x0000000090a00000| Untracked 
| 267|0x0000000090b00000, 0x0000000090c00000, 0x0000000090c00000|100%| O|  |TAMS 0x0000000090c00000, 0x0000000090b00000| Untracked 
| 268|0x0000000090c00000, 0x0000000090d00000, 0x0000000090d00000|100%| O|  |TAMS 0x0000000090d00000, 0x0000000090c00000| Untracked 
| 269|0x0000000090d00000, 0x0000000090e00000, 0x0000000090e00000|100%| O|  |TAMS 0x0000000090e00000, 0x0000000090d00000| Untracked 
| 270|0x0000000090e00000, 0x0000000090f00000, 0x0000000090f00000|100%| O|  |TAMS 0x0000000090e00000, 0x0000000090e00000| Untracked 
| 271|0x0000000090f00000, 0x0000000091000000, 0x0000000091000000|100%| O|  |TAMS 0x0000000090f00000, 0x0000000090f00000| Untracked 
| 272|0x0000000091000000, 0x0000000091000000, 0x0000000091100000|  0%| F|  |TAMS 0x0000000091000000, 0x0000000091000000| Untracked 
| 273|0x0000000091100000, 0x0000000091200000, 0x0000000091200000|100%| O|  |TAMS 0x0000000091200000, 0x0000000091100000| Untracked 
| 274|0x0000000091200000, 0x0000000091300000, 0x0000000091300000|100%| O|  |TAMS 0x0000000091300000, 0x0000000091200000| Untracked 
| 275|0x0000000091300000, 0x0000000091400000, 0x0000000091400000|100%| O|  |TAMS 0x0000000091369800, 0x0000000091300000| Untracked 
| 276|0x0000000091400000, 0x0000000091500000, 0x0000000091500000|100%| O|  |TAMS 0x0000000091500000, 0x0000000091400000| Untracked 
| 277|0x0000000091500000, 0x0000000091600000, 0x0000000091600000|100%| O|  |TAMS 0x0000000091600000, 0x0000000091500000| Untracked 
| 278|0x0000000091600000, 0x0000000091700000, 0x0000000091700000|100%| O|  |TAMS 0x0000000091700000, 0x0000000091600000| Untracked 
| 279|0x0000000091700000, 0x0000000091800000, 0x0000000091800000|100%| O|  |TAMS 0x0000000091700000, 0x0000000091700000| Untracked 
| 280|0x0000000091800000, 0x0000000091900000, 0x0000000091900000|100%| O|  |TAMS 0x0000000091800000, 0x0000000091800000| Untracked 
| 281|0x0000000091900000, 0x0000000091a00000, 0x0000000091a00000|100%| O|  |TAMS 0x0000000091a00000, 0x0000000091900000| Untracked 
| 282|0x0000000091a00000, 0x0000000091b00000, 0x0000000091b00000|100%| O|  |TAMS 0x0000000091a00000, 0x0000000091a00000| Untracked 
| 283|0x0000000091b00000, 0x0000000091c00000, 0x0000000091c00000|100%| O|  |TAMS 0x0000000091c00000, 0x0000000091b00000| Untracked 
| 284|0x0000000091c00000, 0x0000000091c8d600, 0x0000000091d00000| 55%| O|  |TAMS 0x0000000091c00000, 0x0000000091c00000| Untracked 
| 285|0x0000000091d00000, 0x0000000091e00000, 0x0000000091e00000|100%| O|  |TAMS 0x0000000091e00000, 0x0000000091d00000| Untracked 
| 286|0x0000000091e00000, 0x0000000091f00000, 0x0000000091f00000|100%| O|  |TAMS 0x0000000091f00000, 0x0000000091e00000| Untracked 
| 287|0x0000000091f00000, 0x0000000092000000, 0x0000000092000000|100%| O|  |TAMS 0x0000000092000000, 0x0000000091f00000| Untracked 
| 288|0x0000000092000000, 0x0000000092100000, 0x0000000092100000|100%| O|  |TAMS 0x0000000092000000, 0x0000000092000000| Untracked 
| 289|0x0000000092100000, 0x0000000092200000, 0x0000000092200000|100%| O|  |TAMS 0x0000000092100000, 0x0000000092100000| Untracked 
| 290|0x0000000092200000, 0x0000000092300000, 0x0000000092300000|100%| O|  |TAMS 0x0000000092200000, 0x0000000092200000| Untracked 
| 291|0x0000000092300000, 0x0000000092400000, 0x0000000092400000|100%| O|  |TAMS 0x0000000092300000, 0x0000000092300000| Untracked 
| 292|0x0000000092400000, 0x0000000092500000, 0x0000000092500000|100%| O|  |TAMS 0x0000000092500000, 0x0000000092400000| Untracked 
| 293|0x0000000092500000, 0x0000000092600000, 0x0000000092600000|100%| O|  |TAMS 0x0000000092600000, 0x0000000092500000| Untracked 
| 294|0x0000000092600000, 0x0000000092700000, 0x0000000092700000|100%| O|  |TAMS 0x0000000092700000, 0x0000000092600000| Untracked 
| 295|0x0000000092700000, 0x0000000092800000, 0x0000000092800000|100%| O|  |TAMS 0x0000000092700000, 0x0000000092700000| Untracked 
| 296|0x0000000092800000, 0x0000000092900000, 0x0000000092900000|100%| O|  |TAMS 0x0000000092800000, 0x0000000092800000| Untracked 
| 297|0x0000000092900000, 0x0000000092a00000, 0x0000000092a00000|100%| O|  |TAMS 0x0000000092a00000, 0x0000000092900000| Untracked 
| 298|0x0000000092a00000, 0x0000000092b00000, 0x0000000092b00000|100%| O|  |TAMS 0x0000000092b00000, 0x0000000092a00000| Complete 
| 299|0x0000000092b00000, 0x0000000092c00000, 0x0000000092c00000|100%| O|  |TAMS 0x0000000092c00000, 0x0000000092b00000| Untracked 
| 300|0x0000000092c00000, 0x0000000092d00000, 0x0000000092d00000|100%| O|  |TAMS 0x0000000092d00000, 0x0000000092c00000| Untracked 
| 301|0x0000000092d00000, 0x0000000092e00000, 0x0000000092e00000|100%| O|  |TAMS 0x0000000092e00000, 0x0000000092d00000| Untracked 
| 302|0x0000000092e00000, 0x0000000092f00000, 0x0000000092f00000|100%| O|  |TAMS 0x0000000092f00000, 0x0000000092e00000| Untracked 
| 303|0x0000000092f00000, 0x0000000093000000, 0x0000000093000000|100%| O|  |TAMS 0x0000000093000000, 0x0000000092f00000| Untracked 
| 304|0x0000000093000000, 0x0000000093100000, 0x0000000093100000|100%| O|  |TAMS 0x0000000093100000, 0x0000000093000000| Untracked 
| 305|0x0000000093100000, 0x0000000093200000, 0x0000000093200000|100%| O|  |TAMS 0x0000000093200000, 0x0000000093100000| Untracked 
| 306|0x0000000093200000, 0x0000000093300000, 0x0000000093300000|100%| O|  |TAMS 0x0000000093300000, 0x0000000093200000| Untracked 
| 307|0x0000000093300000, 0x0000000093400000, 0x0000000093400000|100%| O|  |TAMS 0x0000000093400000, 0x0000000093300000| Untracked 
| 308|0x0000000093400000, 0x0000000093500000, 0x0000000093500000|100%| O|  |TAMS 0x0000000093500000, 0x0000000093400000| Untracked 
| 309|0x0000000093500000, 0x0000000093600000, 0x0000000093600000|100%| O|  |TAMS 0x0000000093600000, 0x0000000093500000| Untracked 
| 310|0x0000000093600000, 0x0000000093700000, 0x0000000093700000|100%| O|  |TAMS 0x0000000093700000, 0x0000000093600000| Untracked 
| 311|0x0000000093700000, 0x0000000093800000, 0x0000000093800000|100%| O|  |TAMS 0x0000000093800000, 0x0000000093700000| Untracked 
| 312|0x0000000093800000, 0x0000000093900000, 0x0000000093900000|100%| O|  |TAMS 0x0000000093900000, 0x0000000093800000| Untracked 
| 313|0x0000000093900000, 0x0000000093a00000, 0x0000000093a00000|100%| O|  |TAMS 0x0000000093a00000, 0x0000000093900000| Untracked 
| 314|0x0000000093a00000, 0x0000000093b00000, 0x0000000093b00000|100%| O|  |TAMS 0x0000000093b00000, 0x0000000093a00000| Untracked 
| 315|0x0000000093b00000, 0x0000000093c00000, 0x0000000093c00000|100%| O|  |TAMS 0x0000000093c00000, 0x0000000093b00000| Untracked 
| 316|0x0000000093c00000, 0x0000000093d00000, 0x0000000093d00000|100%| O|  |TAMS 0x0000000093d00000, 0x0000000093c00000| Untracked 
| 317|0x0000000093d00000, 0x0000000093e00000, 0x0000000093e00000|100%| O|  |TAMS 0x0000000093e00000, 0x0000000093d00000| Untracked 
| 318|0x0000000093e00000, 0x0000000093f00000, 0x0000000093f00000|100%| O|  |TAMS 0x0000000093f00000, 0x0000000093e00000| Untracked 
| 319|0x0000000093f00000, 0x0000000094000000, 0x0000000094000000|100%| O|  |TAMS 0x0000000094000000, 0x0000000093f00000| Untracked 
| 320|0x0000000094000000, 0x00000000940aea00, 0x0000000094100000| 68%| O|  |TAMS 0x0000000094000000, 0x0000000094000000| Untracked 
| 321|0x0000000094100000, 0x0000000094200000, 0x0000000094200000|100%| O|  |TAMS 0x0000000094200000, 0x0000000094100000| Untracked 
| 322|0x0000000094200000, 0x0000000094300000, 0x0000000094300000|100%| O|  |TAMS 0x0000000094300000, 0x0000000094200000| Untracked 
| 323|0x0000000094300000, 0x0000000094400000, 0x0000000094400000|100%| O|  |TAMS 0x0000000094400000, 0x0000000094300000| Untracked 
| 324|0x0000000094400000, 0x0000000094500000, 0x0000000094500000|100%| O|  |TAMS 0x0000000094500000, 0x0000000094400000| Untracked 
| 325|0x0000000094500000, 0x0000000094500000, 0x0000000094600000|  0%| F|  |TAMS 0x0000000094500000, 0x0000000094500000| Untracked 
| 326|0x0000000094600000, 0x0000000094700000, 0x0000000094700000|100%| O|  |TAMS 0x0000000094700000, 0x0000000094600000| Untracked 
| 327|0x0000000094700000, 0x0000000094800000, 0x0000000094800000|100%| O|  |TAMS 0x0000000094800000, 0x0000000094700000| Untracked 
| 328|0x0000000094800000, 0x0000000094800000, 0x0000000094900000|  0%| F|  |TAMS 0x0000000094800000, 0x0000000094800000| Untracked 
| 329|0x0000000094900000, 0x0000000094900000, 0x0000000094a00000|  0%| F|  |TAMS 0x0000000094900000, 0x0000000094900000| Untracked 
| 330|0x0000000094a00000, 0x0000000094a00000, 0x0000000094b00000|  0%| F|  |TAMS 0x0000000094a00000, 0x0000000094a00000| Untracked 
| 331|0x0000000094b00000, 0x0000000094c00000, 0x0000000094c00000|100%| O|  |TAMS 0x0000000094c00000, 0x0000000094b00000| Untracked 
| 332|0x0000000094c00000, 0x0000000094c00000, 0x0000000094d00000|  0%| F|  |TAMS 0x0000000094c00000, 0x0000000094c00000| Untracked 
| 333|0x0000000094d00000, 0x0000000094d00000, 0x0000000094e00000|  0%| F|  |TAMS 0x0000000094d00000, 0x0000000094d00000| Untracked 
| 334|0x0000000094e00000, 0x0000000094e00000, 0x0000000094f00000|  0%| F|  |TAMS 0x0000000094e00000, 0x0000000094e00000| Untracked 
| 335|0x0000000094f00000, 0x0000000094f00000, 0x0000000095000000|  0%| F|  |TAMS 0x0000000094f00000, 0x0000000094f00000| Untracked 
| 336|0x0000000095000000, 0x0000000095000000, 0x0000000095100000|  0%| F|  |TAMS 0x0000000095000000, 0x0000000095000000| Untracked 
| 337|0x0000000095100000, 0x0000000095100000, 0x0000000095200000|  0%| F|  |TAMS 0x0000000095100000, 0x0000000095100000| Untracked 
| 338|0x0000000095200000, 0x0000000095300000, 0x0000000095300000|100%| O|  |TAMS 0x0000000095300000, 0x0000000095200000| Untracked 
| 339|0x0000000095300000, 0x0000000095400000, 0x0000000095400000|100%| O|  |TAMS 0x0000000095400000, 0x0000000095300000| Untracked 
| 340|0x0000000095400000, 0x0000000095500000, 0x0000000095500000|100%| O|  |TAMS 0x0000000095500000, 0x0000000095400000| Untracked 
| 341|0x0000000095500000, 0x0000000095600000, 0x0000000095600000|100%| O|  |TAMS 0x0000000095600000, 0x0000000095500000| Untracked 
| 342|0x0000000095600000, 0x0000000095700000, 0x0000000095700000|100%| O|  |TAMS 0x0000000095700000, 0x0000000095600000| Untracked 
| 343|0x0000000095700000, 0x0000000095800000, 0x0000000095800000|100%| O|  |TAMS 0x0000000095800000, 0x0000000095700000| Untracked 
| 344|0x0000000095800000, 0x0000000095900000, 0x0000000095900000|100%| O|  |TAMS 0x0000000095900000, 0x0000000095800000| Untracked 
| 345|0x0000000095900000, 0x0000000095a00000, 0x0000000095a00000|100%| O|  |TAMS 0x0000000095a00000, 0x0000000095900000| Untracked 
| 346|0x0000000095a00000, 0x0000000095b00000, 0x0000000095b00000|100%| O|  |TAMS 0x0000000095b00000, 0x0000000095a00000| Untracked 
| 347|0x0000000095b00000, 0x0000000095c00000, 0x0000000095c00000|100%| O|  |TAMS 0x0000000095c00000, 0x0000000095b00000| Untracked 
| 348|0x0000000095c00000, 0x0000000095d00000, 0x0000000095d00000|100%| O|  |TAMS 0x0000000095d00000, 0x0000000095c00000| Untracked 
| 349|0x0000000095d00000, 0x0000000095e00000, 0x0000000095e00000|100%| O|  |TAMS 0x0000000095e00000, 0x0000000095d00000| Untracked 
| 350|0x0000000095e00000, 0x0000000095f00000, 0x0000000095f00000|100%| O|  |TAMS 0x0000000095f00000, 0x0000000095e00000| Untracked 
| 351|0x0000000095f00000, 0x0000000096000000, 0x0000000096000000|100%| O|  |TAMS 0x0000000096000000, 0x0000000095f00000| Untracked 
| 352|0x0000000096000000, 0x0000000096100000, 0x0000000096100000|100%| O|  |TAMS 0x0000000096100000, 0x0000000096000000| Untracked 
| 353|0x0000000096100000, 0x0000000096200000, 0x0000000096200000|100%| O|  |TAMS 0x0000000096200000, 0x0000000096100000| Untracked 
| 354|0x0000000096200000, 0x0000000096300000, 0x0000000096300000|100%| O|  |TAMS 0x0000000096300000, 0x0000000096200000| Untracked 
| 355|0x0000000096300000, 0x0000000096400000, 0x0000000096400000|100%| O|  |TAMS 0x0000000096400000, 0x0000000096300000| Untracked 
| 356|0x0000000096400000, 0x0000000096500000, 0x0000000096500000|100%| O|  |TAMS 0x0000000096500000, 0x0000000096400000| Untracked 
| 357|0x0000000096500000, 0x0000000096600000, 0x0000000096600000|100%| O|  |TAMS 0x0000000096600000, 0x0000000096500000| Complete 
| 358|0x0000000096600000, 0x0000000096700000, 0x0000000096700000|100%| O|  |TAMS 0x0000000096700000, 0x0000000096600000| Complete 
| 359|0x0000000096700000, 0x0000000096700000, 0x0000000096800000|  0%| F|  |TAMS 0x0000000096700000, 0x0000000096700000| Untracked 
| 360|0x0000000096800000, 0x0000000096800000, 0x0000000096900000|  0%| F|  |TAMS 0x0000000096800000, 0x0000000096800000| Untracked 
| 361|0x0000000096900000, 0x0000000096900000, 0x0000000096a00000|  0%| F|  |TAMS 0x0000000096900000, 0x0000000096900000| Untracked 
| 362|0x0000000096a00000, 0x0000000096a00000, 0x0000000096b00000|  0%| F|  |TAMS 0x0000000096a00000, 0x0000000096a00000| Untracked 
| 363|0x0000000096b00000, 0x0000000096b00000, 0x0000000096c00000|  0%| F|  |TAMS 0x0000000096b00000, 0x0000000096b00000| Untracked 
| 364|0x0000000096c00000, 0x0000000096d00000, 0x0000000096d00000|100%| O|  |TAMS 0x0000000096d00000, 0x0000000096c00000| Untracked 
| 365|0x0000000096d00000, 0x0000000096e00000, 0x0000000096e00000|100%| O|  |TAMS 0x0000000096e00000, 0x0000000096d00000| Complete 
| 366|0x0000000096e00000, 0x0000000096f00000, 0x0000000096f00000|100%| O|  |TAMS 0x0000000096f00000, 0x0000000096e00000| Untracked 
| 367|0x0000000096f00000, 0x0000000097000000, 0x0000000097000000|100%| O|  |TAMS 0x0000000097000000, 0x0000000096f00000| Complete 
| 368|0x0000000097000000, 0x0000000097000000, 0x0000000097100000|  0%| F|  |TAMS 0x0000000097000000, 0x0000000097000000| Untracked 
| 369|0x0000000097100000, 0x0000000097100000, 0x0000000097200000|  0%| F|  |TAMS 0x0000000097100000, 0x0000000097100000| Untracked 
| 370|0x0000000097200000, 0x0000000097200000, 0x0000000097300000|  0%| F|  |TAMS 0x0000000097200000, 0x0000000097200000| Untracked 
| 371|0x0000000097300000, 0x0000000097300000, 0x0000000097400000|  0%| F|  |TAMS 0x0000000097300000, 0x0000000097300000| Untracked 
| 372|0x0000000097400000, 0x0000000097400000, 0x0000000097500000|  0%| F|  |TAMS 0x0000000097400000, 0x0000000097400000| Untracked 
| 373|0x0000000097500000, 0x0000000097500000, 0x0000000097600000|  0%| F|  |TAMS 0x0000000097500000, 0x0000000097500000| Untracked 
| 374|0x0000000097600000, 0x0000000097700000, 0x0000000097700000|100%| O|  |TAMS 0x0000000097700000, 0x0000000097600000| Untracked 
| 375|0x0000000097700000, 0x0000000097700000, 0x0000000097800000|  0%| F|  |TAMS 0x0000000097700000, 0x0000000097700000| Untracked 
| 376|0x0000000097800000, 0x0000000097900000, 0x0000000097900000|100%| O|  |TAMS 0x0000000097900000, 0x0000000097800000| Untracked 
| 377|0x0000000097900000, 0x0000000097a00000, 0x0000000097a00000|100%| O|  |TAMS 0x0000000097a00000, 0x0000000097900000| Complete 
| 378|0x0000000097a00000, 0x0000000097b00000, 0x0000000097b00000|100%| O|  |TAMS 0x0000000097b00000, 0x0000000097a00000| Complete 
| 379|0x0000000097b00000, 0x0000000097b00000, 0x0000000097c00000|  0%| F|  |TAMS 0x0000000097b00000, 0x0000000097b00000| Untracked 
| 380|0x0000000097c00000, 0x0000000097c00000, 0x0000000097d00000|  0%| F|  |TAMS 0x0000000097c00000, 0x0000000097c00000| Untracked 
| 381|0x0000000097d00000, 0x0000000097d00000, 0x0000000097e00000|  0%| F|  |TAMS 0x0000000097d00000, 0x0000000097d00000| Untracked 
| 382|0x0000000097e00000, 0x0000000097e00000, 0x0000000097f00000|  0%| F|  |TAMS 0x0000000097e00000, 0x0000000097e00000| Untracked 
| 383|0x0000000097f00000, 0x0000000097f00000, 0x0000000098000000|  0%| F|  |TAMS 0x0000000097f00000, 0x0000000097f00000| Untracked 
| 384|0x0000000098000000, 0x0000000098000000, 0x0000000098100000|  0%| F|  |TAMS 0x0000000098000000, 0x0000000098000000| Untracked 
| 385|0x0000000098100000, 0x0000000098100000, 0x0000000098200000|  0%| F|  |TAMS 0x0000000098100000, 0x0000000098100000| Untracked 
| 386|0x0000000098200000, 0x0000000098200000, 0x0000000098300000|  0%| F|  |TAMS 0x0000000098200000, 0x0000000098200000| Untracked 
| 387|0x0000000098300000, 0x0000000098300000, 0x0000000098400000|  0%| F|  |TAMS 0x0000000098300000, 0x0000000098300000| Untracked 
| 388|0x0000000098400000, 0x0000000098400000, 0x0000000098500000|  0%| F|  |TAMS 0x0000000098400000, 0x0000000098400000| Untracked 
| 389|0x0000000098500000, 0x0000000098500000, 0x0000000098600000|  0%| F|  |TAMS 0x0000000098500000, 0x0000000098500000| Untracked 
| 390|0x0000000098600000, 0x0000000098600000, 0x0000000098700000|  0%| F|  |TAMS 0x0000000098600000, 0x0000000098600000| Untracked 
| 391|0x0000000098700000, 0x0000000098800000, 0x0000000098800000|100%| O|  |TAMS 0x0000000098800000, 0x0000000098700000| Complete 
| 392|0x0000000098800000, 0x0000000098800000, 0x0000000098900000|  0%| F|  |TAMS 0x0000000098800000, 0x0000000098800000| Untracked 
| 393|0x0000000098900000, 0x0000000098900000, 0x0000000098a00000|  0%| F|  |TAMS 0x0000000098900000, 0x0000000098900000| Untracked 
| 394|0x0000000098a00000, 0x0000000098a00000, 0x0000000098b00000|  0%| F|  |TAMS 0x0000000098a00000, 0x0000000098a00000| Untracked 
| 395|0x0000000098b00000, 0x0000000098c00000, 0x0000000098c00000|100%| O|  |TAMS 0x0000000098c00000, 0x0000000098b00000| Complete 
| 396|0x0000000098c00000, 0x0000000098d00000, 0x0000000098d00000|100%| O|  |TAMS 0x0000000098d00000, 0x0000000098c00000| Complete 
| 397|0x0000000098d00000, 0x0000000098e00000, 0x0000000098e00000|100%| O|  |TAMS 0x0000000098e00000, 0x0000000098d00000| Complete 
| 398|0x0000000098e00000, 0x0000000098f00000, 0x0000000098f00000|100%| O|  |TAMS 0x0000000098f00000, 0x0000000098e00000| Complete 
| 399|0x0000000098f00000, 0x0000000099000000, 0x0000000099000000|100%| O|  |TAMS 0x0000000099000000, 0x0000000098f00000| Complete 
| 400|0x0000000099000000, 0x0000000099100000, 0x0000000099100000|100%| O|  |TAMS 0x0000000099100000, 0x0000000099000000| Untracked 
| 401|0x0000000099100000, 0x0000000099200000, 0x0000000099200000|100%| O|  |TAMS 0x0000000099200000, 0x0000000099100000| Complete 
| 402|0x0000000099200000, 0x0000000099300000, 0x0000000099300000|100%| O|  |TAMS 0x0000000099300000, 0x0000000099200000| Complete 
| 403|0x0000000099300000, 0x0000000099400000, 0x0000000099400000|100%| O|  |TAMS 0x0000000099400000, 0x0000000099300000| Complete 
| 404|0x0000000099400000, 0x0000000099500000, 0x0000000099500000|100%| O|  |TAMS 0x0000000099500000, 0x0000000099400000| Complete 
| 405|0x0000000099500000, 0x0000000099600000, 0x0000000099600000|100%| O|  |TAMS 0x0000000099600000, 0x0000000099500000| Complete 
| 406|0x0000000099600000, 0x0000000099600000, 0x0000000099700000|  0%| F|  |TAMS 0x0000000099600000, 0x0000000099600000| Untracked 
| 407|0x0000000099700000, 0x0000000099700000, 0x0000000099800000|  0%| F|  |TAMS 0x0000000099700000, 0x0000000099700000| Untracked 
| 408|0x0000000099800000, 0x0000000099900000, 0x0000000099900000|100%| O|  |TAMS 0x0000000099900000, 0x0000000099800000| Complete 
| 409|0x0000000099900000, 0x0000000099a00000, 0x0000000099a00000|100%| O|  |TAMS 0x0000000099a00000, 0x0000000099900000| Untracked 
| 410|0x0000000099a00000, 0x0000000099a00000, 0x0000000099b00000|  0%| F|  |TAMS 0x0000000099a00000, 0x0000000099a00000| Untracked 
| 411|0x0000000099b00000, 0x0000000099b00000, 0x0000000099c00000|  0%| F|  |TAMS 0x0000000099b00000, 0x0000000099b00000| Untracked 
| 412|0x0000000099c00000, 0x0000000099c00000, 0x0000000099d00000|  0%| F|  |TAMS 0x0000000099c00000, 0x0000000099c00000| Untracked 
| 413|0x0000000099d00000, 0x0000000099d00000, 0x0000000099e00000|  0%| F|  |TAMS 0x0000000099d00000, 0x0000000099d00000| Untracked 
| 414|0x0000000099e00000, 0x0000000099e00000, 0x0000000099f00000|  0%| F|  |TAMS 0x0000000099e00000, 0x0000000099e00000| Untracked 
| 415|0x0000000099f00000, 0x0000000099f00000, 0x000000009a000000|  0%| F|  |TAMS 0x0000000099f00000, 0x0000000099f00000| Untracked 
| 416|0x000000009a000000, 0x000000009a000000, 0x000000009a100000|  0%| F|  |TAMS 0x000000009a000000, 0x000000009a000000| Untracked 
| 417|0x000000009a100000, 0x000000009a100000, 0x000000009a200000|  0%| F|  |TAMS 0x000000009a100000, 0x000000009a100000| Untracked 
| 418|0x000000009a200000, 0x000000009a200000, 0x000000009a300000|  0%| F|  |TAMS 0x000000009a200000, 0x000000009a200000| Untracked 
| 419|0x000000009a300000, 0x000000009a300000, 0x000000009a400000|  0%| F|  |TAMS 0x000000009a300000, 0x000000009a300000| Untracked 
| 420|0x000000009a400000, 0x000000009a400000, 0x000000009a500000|  0%| F|  |TAMS 0x000000009a400000, 0x000000009a400000| Untracked 
| 421|0x000000009a500000, 0x000000009a500000, 0x000000009a600000|  0%| F|  |TAMS 0x000000009a500000, 0x000000009a500000| Untracked 
| 422|0x000000009a600000, 0x000000009a600000, 0x000000009a700000|  0%| F|  |TAMS 0x000000009a600000, 0x000000009a600000| Untracked 
| 423|0x000000009a700000, 0x000000009a700000, 0x000000009a800000|  0%| F|  |TAMS 0x000000009a700000, 0x000000009a700000| Untracked 
| 424|0x000000009a800000, 0x000000009a800000, 0x000000009a900000|  0%| F|  |TAMS 0x000000009a800000, 0x000000009a800000| Untracked 
| 425|0x000000009a900000, 0x000000009a900000, 0x000000009aa00000|  0%| F|  |TAMS 0x000000009a900000, 0x000000009a900000| Untracked 
| 426|0x000000009aa00000, 0x000000009aa00000, 0x000000009ab00000|  0%| F|  |TAMS 0x000000009aa00000, 0x000000009aa00000| Untracked 
| 427|0x000000009ab00000, 0x000000009ab00000, 0x000000009ac00000|  0%| F|  |TAMS 0x000000009ab00000, 0x000000009ab00000| Untracked 
| 428|0x000000009ac00000, 0x000000009ac00000, 0x000000009ad00000|  0%| F|  |TAMS 0x000000009ac00000, 0x000000009ac00000| Untracked 
| 429|0x000000009ad00000, 0x000000009ad00000, 0x000000009ae00000|  0%| F|  |TAMS 0x000000009ad00000, 0x000000009ad00000| Untracked 
| 430|0x000000009ae00000, 0x000000009ae00000, 0x000000009af00000|  0%| F|  |TAMS 0x000000009ae00000, 0x000000009ae00000| Untracked 
| 431|0x000000009af00000, 0x000000009af00000, 0x000000009b000000|  0%| F|  |TAMS 0x000000009af00000, 0x000000009af00000| Untracked 
| 432|0x000000009b000000, 0x000000009b000000, 0x000000009b100000|  0%| F|  |TAMS 0x000000009b000000, 0x000000009b000000| Untracked 
| 433|0x000000009b100000, 0x000000009b100000, 0x000000009b200000|  0%| F|  |TAMS 0x000000009b100000, 0x000000009b100000| Untracked 
| 434|0x000000009b200000, 0x000000009b200000, 0x000000009b300000|  0%| F|  |TAMS 0x000000009b200000, 0x000000009b200000| Untracked 
| 435|0x000000009b300000, 0x000000009b300000, 0x000000009b400000|  0%| F|  |TAMS 0x000000009b300000, 0x000000009b300000| Untracked 
| 436|0x000000009b400000, 0x000000009b400000, 0x000000009b500000|  0%| F|  |TAMS 0x000000009b400000, 0x000000009b400000| Untracked 
| 437|0x000000009b500000, 0x000000009b500000, 0x000000009b600000|  0%| F|  |TAMS 0x000000009b500000, 0x000000009b500000| Untracked 
| 438|0x000000009b600000, 0x000000009b600000, 0x000000009b700000|  0%| F|  |TAMS 0x000000009b600000, 0x000000009b600000| Untracked 
| 439|0x000000009b700000, 0x000000009b700000, 0x000000009b800000|  0%| F|  |TAMS 0x000000009b700000, 0x000000009b700000| Untracked 
| 440|0x000000009b800000, 0x000000009b800000, 0x000000009b900000|  0%| F|  |TAMS 0x000000009b800000, 0x000000009b800000| Untracked 
| 441|0x000000009b900000, 0x000000009b900000, 0x000000009ba00000|  0%| F|  |TAMS 0x000000009b900000, 0x000000009b900000| Untracked 
| 442|0x000000009ba00000, 0x000000009ba00000, 0x000000009bb00000|  0%| F|  |TAMS 0x000000009ba00000, 0x000000009ba00000| Untracked 
| 443|0x000000009bb00000, 0x000000009bb00000, 0x000000009bc00000|  0%| F|  |TAMS 0x000000009bb00000, 0x000000009bb00000| Untracked 
| 444|0x000000009bc00000, 0x000000009bc00000, 0x000000009bd00000|  0%| F|  |TAMS 0x000000009bc00000, 0x000000009bc00000| Untracked 
| 445|0x000000009bd00000, 0x000000009bd00000, 0x000000009be00000|  0%| F|  |TAMS 0x000000009bd00000, 0x000000009bd00000| Untracked 
| 446|0x000000009be00000, 0x000000009be00000, 0x000000009bf00000|  0%| F|  |TAMS 0x000000009be00000, 0x000000009be00000| Untracked 
| 447|0x000000009bf00000, 0x000000009bf00000, 0x000000009c000000|  0%| F|  |TAMS 0x000000009bf00000, 0x000000009bf00000| Untracked 
| 448|0x000000009c000000, 0x000000009c000000, 0x000000009c100000|  0%| F|  |TAMS 0x000000009c000000, 0x000000009c000000| Untracked 
| 449|0x000000009c100000, 0x000000009c100000, 0x000000009c200000|  0%| F|  |TAMS 0x000000009c100000, 0x000000009c100000| Untracked 
| 450|0x000000009c200000, 0x000000009c200000, 0x000000009c300000|  0%| F|  |TAMS 0x000000009c200000, 0x000000009c200000| Untracked 
| 451|0x000000009c300000, 0x000000009c300000, 0x000000009c400000|  0%| F|  |TAMS 0x000000009c300000, 0x000000009c300000| Untracked 
| 452|0x000000009c400000, 0x000000009c400000, 0x000000009c500000|  0%| F|  |TAMS 0x000000009c400000, 0x000000009c400000| Untracked 
| 453|0x000000009c500000, 0x000000009c500000, 0x000000009c600000|  0%| F|  |TAMS 0x000000009c500000, 0x000000009c500000| Untracked 
| 454|0x000000009c600000, 0x000000009c600000, 0x000000009c700000|  0%| F|  |TAMS 0x000000009c600000, 0x000000009c600000| Untracked 
| 455|0x000000009c700000, 0x000000009c700000, 0x000000009c800000|  0%| F|  |TAMS 0x000000009c700000, 0x000000009c700000| Untracked 
| 456|0x000000009c800000, 0x000000009c800000, 0x000000009c900000|  0%| F|  |TAMS 0x000000009c800000, 0x000000009c800000| Untracked 
| 457|0x000000009c900000, 0x000000009c900000, 0x000000009ca00000|  0%| F|  |TAMS 0x000000009c900000, 0x000000009c900000| Untracked 
| 458|0x000000009ca00000, 0x000000009ca00000, 0x000000009cb00000|  0%| F|  |TAMS 0x000000009ca00000, 0x000000009ca00000| Untracked 
| 459|0x000000009cb00000, 0x000000009cb00000, 0x000000009cc00000|  0%| F|  |TAMS 0x000000009cb00000, 0x000000009cb00000| Untracked 
| 460|0x000000009cc00000, 0x000000009cc00000, 0x000000009cd00000|  0%| F|  |TAMS 0x000000009cc00000, 0x000000009cc00000| Untracked 
| 461|0x000000009cd00000, 0x000000009cd00000, 0x000000009ce00000|  0%| F|  |TAMS 0x000000009cd00000, 0x000000009cd00000| Untracked 
| 462|0x000000009ce00000, 0x000000009ce00000, 0x000000009cf00000|  0%| F|  |TAMS 0x000000009ce00000, 0x000000009ce00000| Untracked 
| 463|0x000000009cf00000, 0x000000009cf00000, 0x000000009d000000|  0%| F|  |TAMS 0x000000009cf00000, 0x000000009cf00000| Untracked 
| 464|0x000000009d000000, 0x000000009d000000, 0x000000009d100000|  0%| F|  |TAMS 0x000000009d000000, 0x000000009d000000| Untracked 
| 465|0x000000009d100000, 0x000000009d100000, 0x000000009d200000|  0%| F|  |TAMS 0x000000009d100000, 0x000000009d100000| Untracked 
| 466|0x000000009d200000, 0x000000009d200000, 0x000000009d300000|  0%| F|  |TAMS 0x000000009d200000, 0x000000009d200000| Untracked 
| 467|0x000000009d300000, 0x000000009d300000, 0x000000009d400000|  0%| F|  |TAMS 0x000000009d300000, 0x000000009d300000| Untracked 
| 468|0x000000009d400000, 0x000000009d400000, 0x000000009d500000|  0%| F|  |TAMS 0x000000009d400000, 0x000000009d400000| Untracked 
| 469|0x000000009d500000, 0x000000009d500000, 0x000000009d600000|  0%| F|  |TAMS 0x000000009d500000, 0x000000009d500000| Untracked 
| 470|0x000000009d600000, 0x000000009d600000, 0x000000009d700000|  0%| F|  |TAMS 0x000000009d600000, 0x000000009d600000| Untracked 
| 471|0x000000009d700000, 0x000000009d700000, 0x000000009d800000|  0%| F|  |TAMS 0x000000009d700000, 0x000000009d700000| Untracked 
| 472|0x000000009d800000, 0x000000009d800000, 0x000000009d900000|  0%| F|  |TAMS 0x000000009d800000, 0x000000009d800000| Untracked 
| 473|0x000000009d900000, 0x000000009d900000, 0x000000009da00000|  0%| F|  |TAMS 0x000000009d900000, 0x000000009d900000| Untracked 
| 474|0x000000009da00000, 0x000000009da00000, 0x000000009db00000|  0%| F|  |TAMS 0x000000009da00000, 0x000000009da00000| Untracked 
| 475|0x000000009db00000, 0x000000009db00000, 0x000000009dc00000|  0%| F|  |TAMS 0x000000009db00000, 0x000000009db00000| Untracked 
| 476|0x000000009dc00000, 0x000000009dc00000, 0x000000009dd00000|  0%| F|  |TAMS 0x000000009dc00000, 0x000000009dc00000| Untracked 
| 477|0x000000009dd00000, 0x000000009dd00000, 0x000000009de00000|  0%| F|  |TAMS 0x000000009dd00000, 0x000000009dd00000| Untracked 
| 478|0x000000009de00000, 0x000000009de00000, 0x000000009df00000|  0%| F|  |TAMS 0x000000009de00000, 0x000000009de00000| Untracked 
| 479|0x000000009df00000, 0x000000009df00000, 0x000000009e000000|  0%| F|  |TAMS 0x000000009df00000, 0x000000009df00000| Untracked 
| 480|0x000000009e000000, 0x000000009e000000, 0x000000009e100000|  0%| F|  |TAMS 0x000000009e000000, 0x000000009e000000| Untracked 
| 481|0x000000009e100000, 0x000000009e100000, 0x000000009e200000|  0%| F|  |TAMS 0x000000009e100000, 0x000000009e100000| Untracked 
| 482|0x000000009e200000, 0x000000009e200000, 0x000000009e300000|  0%| F|  |TAMS 0x000000009e200000, 0x000000009e200000| Untracked 
| 483|0x000000009e300000, 0x000000009e300000, 0x000000009e400000|  0%| F|  |TAMS 0x000000009e300000, 0x000000009e300000| Untracked 
| 484|0x000000009e400000, 0x000000009e400000, 0x000000009e500000|  0%| F|  |TAMS 0x000000009e400000, 0x000000009e400000| Untracked 
| 485|0x000000009e500000, 0x000000009e500000, 0x000000009e600000|  0%| F|  |TAMS 0x000000009e500000, 0x000000009e500000| Untracked 
| 486|0x000000009e600000, 0x000000009e600000, 0x000000009e700000|  0%| F|  |TAMS 0x000000009e600000, 0x000000009e600000| Untracked 
| 487|0x000000009e700000, 0x000000009e700000, 0x000000009e800000|  0%| F|  |TAMS 0x000000009e700000, 0x000000009e700000| Untracked 
| 488|0x000000009e800000, 0x000000009e800000, 0x000000009e900000|  0%| F|  |TAMS 0x000000009e800000, 0x000000009e800000| Untracked 
| 489|0x000000009e900000, 0x000000009e900000, 0x000000009ea00000|  0%| F|  |TAMS 0x000000009e900000, 0x000000009e900000| Untracked 
| 490|0x000000009ea00000, 0x000000009ea00000, 0x000000009eb00000|  0%| F|  |TAMS 0x000000009ea00000, 0x000000009ea00000| Untracked 
| 491|0x000000009eb00000, 0x000000009eb00000, 0x000000009ec00000|  0%| F|  |TAMS 0x000000009eb00000, 0x000000009eb00000| Untracked 
| 492|0x000000009ec00000, 0x000000009ec00000, 0x000000009ed00000|  0%| F|  |TAMS 0x000000009ec00000, 0x000000009ec00000| Untracked 
| 493|0x000000009ed00000, 0x000000009ed00000, 0x000000009ee00000|  0%| F|  |TAMS 0x000000009ed00000, 0x000000009ed00000| Untracked 
| 494|0x000000009ee00000, 0x000000009ee00000, 0x000000009ef00000|  0%| F|  |TAMS 0x000000009ee00000, 0x000000009ee00000| Untracked 
| 495|0x000000009ef00000, 0x000000009ef00000, 0x000000009f000000|  0%| F|  |TAMS 0x000000009ef00000, 0x000000009ef00000| Untracked 
| 496|0x000000009f000000, 0x000000009f000000, 0x000000009f100000|  0%| F|  |TAMS 0x000000009f000000, 0x000000009f000000| Untracked 
| 497|0x000000009f100000, 0x000000009f100000, 0x000000009f200000|  0%| F|  |TAMS 0x000000009f100000, 0x000000009f100000| Untracked 
| 498|0x000000009f200000, 0x000000009f200000, 0x000000009f300000|  0%| F|  |TAMS 0x000000009f200000, 0x000000009f200000| Untracked 
| 499|0x000000009f300000, 0x000000009f300000, 0x000000009f400000|  0%| F|  |TAMS 0x000000009f300000, 0x000000009f300000| Untracked 
| 500|0x000000009f400000, 0x000000009f400000, 0x000000009f500000|  0%| F|  |TAMS 0x000000009f400000, 0x000000009f400000| Untracked 
| 501|0x000000009f500000, 0x000000009f500000, 0x000000009f600000|  0%| F|  |TAMS 0x000000009f500000, 0x000000009f500000| Untracked 
| 502|0x000000009f600000, 0x000000009f600000, 0x000000009f700000|  0%| F|  |TAMS 0x000000009f600000, 0x000000009f600000| Untracked 
| 503|0x000000009f700000, 0x000000009f700000, 0x000000009f800000|  0%| F|  |TAMS 0x000000009f700000, 0x000000009f700000| Untracked 
| 504|0x000000009f800000, 0x000000009f800000, 0x000000009f900000|  0%| F|  |TAMS 0x000000009f800000, 0x000000009f800000| Untracked 
| 505|0x000000009f900000, 0x000000009f900000, 0x000000009fa00000|  0%| F|  |TAMS 0x000000009f900000, 0x000000009f900000| Untracked 
| 506|0x000000009fa00000, 0x000000009fa00000, 0x000000009fb00000|  0%| F|  |TAMS 0x000000009fa00000, 0x000000009fa00000| Untracked 
| 507|0x000000009fb00000, 0x000000009fb00000, 0x000000009fc00000|  0%| F|  |TAMS 0x000000009fb00000, 0x000000009fb00000| Untracked 
| 508|0x000000009fc00000, 0x000000009fc00000, 0x000000009fd00000|  0%| F|  |TAMS 0x000000009fc00000, 0x000000009fc00000| Untracked 
| 509|0x000000009fd00000, 0x000000009fd00000, 0x000000009fe00000|  0%| F|  |TAMS 0x000000009fd00000, 0x000000009fd00000| Untracked 
| 510|0x000000009fe00000, 0x000000009fe00000, 0x000000009ff00000|  0%| F|  |TAMS 0x000000009fe00000, 0x000000009fe00000| Untracked 
| 511|0x000000009ff00000, 0x000000009ff00000, 0x00000000a0000000|  0%| F|  |TAMS 0x000000009ff00000, 0x000000009ff00000| Untracked 
| 512|0x00000000a0000000, 0x00000000a0000000, 0x00000000a0100000|  0%| F|  |TAMS 0x00000000a0000000, 0x00000000a0000000| Untracked 
| 513|0x00000000a0100000, 0x00000000a0100000, 0x00000000a0200000|  0%| F|  |TAMS 0x00000000a0100000, 0x00000000a0100000| Untracked 
| 514|0x00000000a0200000, 0x00000000a0200000, 0x00000000a0300000|  0%| F|  |TAMS 0x00000000a0200000, 0x00000000a0200000| Untracked 
| 515|0x00000000a0300000, 0x00000000a0300000, 0x00000000a0400000|  0%| F|  |TAMS 0x00000000a0300000, 0x00000000a0300000| Untracked 
| 516|0x00000000a0400000, 0x00000000a0400000, 0x00000000a0500000|  0%| F|  |TAMS 0x00000000a0400000, 0x00000000a0400000| Untracked 
| 517|0x00000000a0500000, 0x00000000a0500000, 0x00000000a0600000|  0%| F|  |TAMS 0x00000000a0500000, 0x00000000a0500000| Untracked 
| 518|0x00000000a0600000, 0x00000000a0600000, 0x00000000a0700000|  0%| F|  |TAMS 0x00000000a0600000, 0x00000000a0600000| Untracked 
| 519|0x00000000a0700000, 0x00000000a0700000, 0x00000000a0800000|  0%| F|  |TAMS 0x00000000a0700000, 0x00000000a0700000| Untracked 
| 520|0x00000000a0800000, 0x00000000a0800000, 0x00000000a0900000|  0%| F|  |TAMS 0x00000000a0800000, 0x00000000a0800000| Untracked 
| 521|0x00000000a0900000, 0x00000000a0900000, 0x00000000a0a00000|  0%| F|  |TAMS 0x00000000a0900000, 0x00000000a0900000| Untracked 
| 522|0x00000000a0a00000, 0x00000000a0a00000, 0x00000000a0b00000|  0%| F|  |TAMS 0x00000000a0a00000, 0x00000000a0a00000| Untracked 
| 523|0x00000000a0b00000, 0x00000000a0b00000, 0x00000000a0c00000|  0%| F|  |TAMS 0x00000000a0b00000, 0x00000000a0b00000| Untracked 
| 524|0x00000000a0c00000, 0x00000000a0c00000, 0x00000000a0d00000|  0%| F|  |TAMS 0x00000000a0c00000, 0x00000000a0c00000| Untracked 
| 525|0x00000000a0d00000, 0x00000000a0d00000, 0x00000000a0e00000|  0%| F|  |TAMS 0x00000000a0d00000, 0x00000000a0d00000| Untracked 
| 526|0x00000000a0e00000, 0x00000000a0e00000, 0x00000000a0f00000|  0%| F|  |TAMS 0x00000000a0e00000, 0x00000000a0e00000| Untracked 
| 527|0x00000000a0f00000, 0x00000000a0f00000, 0x00000000a1000000|  0%| F|  |TAMS 0x00000000a0f00000, 0x00000000a0f00000| Untracked 
| 528|0x00000000a1000000, 0x00000000a1000000, 0x00000000a1100000|  0%| F|  |TAMS 0x00000000a1000000, 0x00000000a1000000| Untracked 
| 529|0x00000000a1100000, 0x00000000a1100000, 0x00000000a1200000|  0%| F|  |TAMS 0x00000000a1100000, 0x00000000a1100000| Untracked 
| 530|0x00000000a1200000, 0x00000000a1200000, 0x00000000a1300000|  0%| F|  |TAMS 0x00000000a1200000, 0x00000000a1200000| Untracked 
| 531|0x00000000a1300000, 0x00000000a1300000, 0x00000000a1400000|  0%| F|  |TAMS 0x00000000a1300000, 0x00000000a1300000| Untracked 
| 532|0x00000000a1400000, 0x00000000a1400000, 0x00000000a1500000|  0%| F|  |TAMS 0x00000000a1400000, 0x00000000a1400000| Untracked 
| 533|0x00000000a1500000, 0x00000000a1500000, 0x00000000a1600000|  0%| F|  |TAMS 0x00000000a1500000, 0x00000000a1500000| Untracked 
| 534|0x00000000a1600000, 0x00000000a1600000, 0x00000000a1700000|  0%| F|  |TAMS 0x00000000a1600000, 0x00000000a1600000| Untracked 
| 535|0x00000000a1700000, 0x00000000a1700000, 0x00000000a1800000|  0%| F|  |TAMS 0x00000000a1700000, 0x00000000a1700000| Untracked 
| 536|0x00000000a1800000, 0x00000000a1800000, 0x00000000a1900000|  0%| F|  |TAMS 0x00000000a1800000, 0x00000000a1800000| Untracked 
| 537|0x00000000a1900000, 0x00000000a1900000, 0x00000000a1a00000|  0%| F|  |TAMS 0x00000000a1900000, 0x00000000a1900000| Untracked 
| 538|0x00000000a1a00000, 0x00000000a1a00000, 0x00000000a1b00000|  0%| F|  |TAMS 0x00000000a1a00000, 0x00000000a1a00000| Untracked 
| 539|0x00000000a1b00000, 0x00000000a1b00000, 0x00000000a1c00000|  0%| F|  |TAMS 0x00000000a1b00000, 0x00000000a1b00000| Untracked 
| 540|0x00000000a1c00000, 0x00000000a1c00000, 0x00000000a1d00000|  0%| F|  |TAMS 0x00000000a1c00000, 0x00000000a1c00000| Untracked 
| 541|0x00000000a1d00000, 0x00000000a1d00000, 0x00000000a1e00000|  0%| F|  |TAMS 0x00000000a1d00000, 0x00000000a1d00000| Untracked 
| 542|0x00000000a1e00000, 0x00000000a1e00000, 0x00000000a1f00000|  0%| F|  |TAMS 0x00000000a1e00000, 0x00000000a1e00000| Untracked 
| 543|0x00000000a1f00000, 0x00000000a1f00000, 0x00000000a2000000|  0%| F|  |TAMS 0x00000000a1f00000, 0x00000000a1f00000| Untracked 
| 544|0x00000000a2000000, 0x00000000a2000000, 0x00000000a2100000|  0%| F|  |TAMS 0x00000000a2000000, 0x00000000a2000000| Untracked 
| 545|0x00000000a2100000, 0x00000000a2100000, 0x00000000a2200000|  0%| F|  |TAMS 0x00000000a2100000, 0x00000000a2100000| Untracked 
| 546|0x00000000a2200000, 0x00000000a2200000, 0x00000000a2300000|  0%| F|  |TAMS 0x00000000a2200000, 0x00000000a2200000| Untracked 
| 547|0x00000000a2300000, 0x00000000a2300000, 0x00000000a2400000|  0%| F|  |TAMS 0x00000000a2300000, 0x00000000a2300000| Untracked 
| 548|0x00000000a2400000, 0x00000000a2400000, 0x00000000a2500000|  0%| F|  |TAMS 0x00000000a2400000, 0x00000000a2400000| Untracked 
| 549|0x00000000a2500000, 0x00000000a2500000, 0x00000000a2600000|  0%| F|  |TAMS 0x00000000a2500000, 0x00000000a2500000| Untracked 
| 550|0x00000000a2600000, 0x00000000a2600000, 0x00000000a2700000|  0%| F|  |TAMS 0x00000000a2600000, 0x00000000a2600000| Untracked 
| 551|0x00000000a2700000, 0x00000000a2700000, 0x00000000a2800000|  0%| F|  |TAMS 0x00000000a2700000, 0x00000000a2700000| Untracked 
| 552|0x00000000a2800000, 0x00000000a2800000, 0x00000000a2900000|  0%| F|  |TAMS 0x00000000a2800000, 0x00000000a2800000| Untracked 
| 553|0x00000000a2900000, 0x00000000a2900000, 0x00000000a2a00000|  0%| F|  |TAMS 0x00000000a2900000, 0x00000000a2900000| Untracked 
| 554|0x00000000a2a00000, 0x00000000a2a00000, 0x00000000a2b00000|  0%| F|  |TAMS 0x00000000a2a00000, 0x00000000a2a00000| Untracked 
| 555|0x00000000a2b00000, 0x00000000a2b00000, 0x00000000a2c00000|  0%| F|  |TAMS 0x00000000a2b00000, 0x00000000a2b00000| Untracked 
| 556|0x00000000a2c00000, 0x00000000a2c00000, 0x00000000a2d00000|  0%| F|  |TAMS 0x00000000a2c00000, 0x00000000a2c00000| Untracked 
| 557|0x00000000a2d00000, 0x00000000a2d00000, 0x00000000a2e00000|  0%| F|  |TAMS 0x00000000a2d00000, 0x00000000a2d00000| Untracked 
| 558|0x00000000a2e00000, 0x00000000a2e00000, 0x00000000a2f00000|  0%| F|  |TAMS 0x00000000a2e00000, 0x00000000a2e00000| Untracked 
| 559|0x00000000a2f00000, 0x00000000a2f00000, 0x00000000a3000000|  0%| F|  |TAMS 0x00000000a2f00000, 0x00000000a2f00000| Untracked 
| 560|0x00000000a3000000, 0x00000000a3000000, 0x00000000a3100000|  0%| F|  |TAMS 0x00000000a3000000, 0x00000000a3000000| Untracked 
| 561|0x00000000a3100000, 0x00000000a3100000, 0x00000000a3200000|  0%| F|  |TAMS 0x00000000a3100000, 0x00000000a3100000| Untracked 
| 562|0x00000000a3200000, 0x00000000a3200000, 0x00000000a3300000|  0%| F|  |TAMS 0x00000000a3200000, 0x00000000a3200000| Untracked 
| 563|0x00000000a3300000, 0x00000000a3300000, 0x00000000a3400000|  0%| F|  |TAMS 0x00000000a3300000, 0x00000000a3300000| Untracked 
| 564|0x00000000a3400000, 0x00000000a3400000, 0x00000000a3500000|  0%| F|  |TAMS 0x00000000a3400000, 0x00000000a3400000| Untracked 
| 565|0x00000000a3500000, 0x00000000a3500000, 0x00000000a3600000|  0%| F|  |TAMS 0x00000000a3500000, 0x00000000a3500000| Untracked 
| 566|0x00000000a3600000, 0x00000000a3600000, 0x00000000a3700000|  0%| F|  |TAMS 0x00000000a3600000, 0x00000000a3600000| Untracked 
| 567|0x00000000a3700000, 0x00000000a3700000, 0x00000000a3800000|  0%| F|  |TAMS 0x00000000a3700000, 0x00000000a3700000| Untracked 
| 568|0x00000000a3800000, 0x00000000a3800000, 0x00000000a3900000|  0%| F|  |TAMS 0x00000000a3800000, 0x00000000a3800000| Untracked 
| 569|0x00000000a3900000, 0x00000000a3900000, 0x00000000a3a00000|  0%| F|  |TAMS 0x00000000a3900000, 0x00000000a3900000| Untracked 
| 570|0x00000000a3a00000, 0x00000000a3a00000, 0x00000000a3b00000|  0%| F|  |TAMS 0x00000000a3a00000, 0x00000000a3a00000| Untracked 
| 571|0x00000000a3b00000, 0x00000000a3b00000, 0x00000000a3c00000|  0%| F|  |TAMS 0x00000000a3b00000, 0x00000000a3b00000| Untracked 
| 572|0x00000000a3c00000, 0x00000000a3c00000, 0x00000000a3d00000|  0%| F|  |TAMS 0x00000000a3c00000, 0x00000000a3c00000| Untracked 
| 573|0x00000000a3d00000, 0x00000000a3d00000, 0x00000000a3e00000|  0%| F|  |TAMS 0x00000000a3d00000, 0x00000000a3d00000| Untracked 
| 574|0x00000000a3e00000, 0x00000000a3e00000, 0x00000000a3f00000|  0%| F|  |TAMS 0x00000000a3e00000, 0x00000000a3e00000| Untracked 
| 575|0x00000000a3f00000, 0x00000000a3f00000, 0x00000000a4000000|  0%| F|  |TAMS 0x00000000a3f00000, 0x00000000a3f00000| Untracked 
| 576|0x00000000a4000000, 0x00000000a4000000, 0x00000000a4100000|  0%| F|  |TAMS 0x00000000a4000000, 0x00000000a4000000| Untracked 
| 577|0x00000000a4100000, 0x00000000a4100000, 0x00000000a4200000|  0%| F|  |TAMS 0x00000000a4100000, 0x00000000a4100000| Untracked 
| 578|0x00000000a4200000, 0x00000000a4200000, 0x00000000a4300000|  0%| F|  |TAMS 0x00000000a4200000, 0x00000000a4200000| Untracked 
| 579|0x00000000a4300000, 0x00000000a4300000, 0x00000000a4400000|  0%| F|  |TAMS 0x00000000a4300000, 0x00000000a4300000| Untracked 
| 580|0x00000000a4400000, 0x00000000a4400000, 0x00000000a4500000|  0%| F|  |TAMS 0x00000000a4400000, 0x00000000a4400000| Untracked 
| 581|0x00000000a4500000, 0x00000000a4500000, 0x00000000a4600000|  0%| F|  |TAMS 0x00000000a4500000, 0x00000000a4500000| Untracked 
| 582|0x00000000a4600000, 0x00000000a4600000, 0x00000000a4700000|  0%| F|  |TAMS 0x00000000a4600000, 0x00000000a4600000| Untracked 
| 583|0x00000000a4700000, 0x00000000a4700000, 0x00000000a4800000|  0%| F|  |TAMS 0x00000000a4700000, 0x00000000a4700000| Untracked 
| 584|0x00000000a4800000, 0x00000000a4800000, 0x00000000a4900000|  0%| F|  |TAMS 0x00000000a4800000, 0x00000000a4800000| Untracked 
| 585|0x00000000a4900000, 0x00000000a4900000, 0x00000000a4a00000|  0%| F|  |TAMS 0x00000000a4900000, 0x00000000a4900000| Untracked 
| 586|0x00000000a4a00000, 0x00000000a4a00000, 0x00000000a4b00000|  0%| F|  |TAMS 0x00000000a4a00000, 0x00000000a4a00000| Untracked 
| 587|0x00000000a4b00000, 0x00000000a4b00000, 0x00000000a4c00000|  0%| F|  |TAMS 0x00000000a4b00000, 0x00000000a4b00000| Untracked 
| 588|0x00000000a4c00000, 0x00000000a4c00000, 0x00000000a4d00000|  0%| F|  |TAMS 0x00000000a4c00000, 0x00000000a4c00000| Untracked 
| 589|0x00000000a4d00000, 0x00000000a4d00000, 0x00000000a4e00000|  0%| F|  |TAMS 0x00000000a4d00000, 0x00000000a4d00000| Untracked 
| 590|0x00000000a4e00000, 0x00000000a4e00000, 0x00000000a4f00000|  0%| F|  |TAMS 0x00000000a4e00000, 0x00000000a4e00000| Untracked 
| 591|0x00000000a4f00000, 0x00000000a4f00000, 0x00000000a5000000|  0%| F|  |TAMS 0x00000000a4f00000, 0x00000000a4f00000| Untracked 
| 592|0x00000000a5000000, 0x00000000a5000000, 0x00000000a5100000|  0%| F|  |TAMS 0x00000000a5000000, 0x00000000a5000000| Untracked 
| 593|0x00000000a5100000, 0x00000000a5100000, 0x00000000a5200000|  0%| F|  |TAMS 0x00000000a5100000, 0x00000000a5100000| Untracked 
| 594|0x00000000a5200000, 0x00000000a5200000, 0x00000000a5300000|  0%| F|  |TAMS 0x00000000a5200000, 0x00000000a5200000| Untracked 
| 595|0x00000000a5300000, 0x00000000a5300000, 0x00000000a5400000|  0%| F|  |TAMS 0x00000000a5300000, 0x00000000a5300000| Untracked 
| 596|0x00000000a5400000, 0x00000000a5400000, 0x00000000a5500000|  0%| F|  |TAMS 0x00000000a5400000, 0x00000000a5400000| Untracked 
| 597|0x00000000a5500000, 0x00000000a5500000, 0x00000000a5600000|  0%| F|  |TAMS 0x00000000a5500000, 0x00000000a5500000| Untracked 
| 598|0x00000000a5600000, 0x00000000a5600000, 0x00000000a5700000|  0%| F|  |TAMS 0x00000000a5600000, 0x00000000a5600000| Untracked 
| 599|0x00000000a5700000, 0x00000000a5700000, 0x00000000a5800000|  0%| F|  |TAMS 0x00000000a5700000, 0x00000000a5700000| Untracked 
| 600|0x00000000a5800000, 0x00000000a5800000, 0x00000000a5900000|  0%| F|  |TAMS 0x00000000a5800000, 0x00000000a5800000| Untracked 
| 601|0x00000000a5900000, 0x00000000a5900000, 0x00000000a5a00000|  0%| F|  |TAMS 0x00000000a5900000, 0x00000000a5900000| Untracked 
| 602|0x00000000a5a00000, 0x00000000a5a00000, 0x00000000a5b00000|  0%| F|  |TAMS 0x00000000a5a00000, 0x00000000a5a00000| Untracked 
| 603|0x00000000a5b00000, 0x00000000a5b00000, 0x00000000a5c00000|  0%| F|  |TAMS 0x00000000a5b00000, 0x00000000a5b00000| Untracked 
| 604|0x00000000a5c00000, 0x00000000a5c00000, 0x00000000a5d00000|  0%| F|  |TAMS 0x00000000a5c00000, 0x00000000a5c00000| Untracked 
| 605|0x00000000a5d00000, 0x00000000a5d00000, 0x00000000a5e00000|  0%| F|  |TAMS 0x00000000a5d00000, 0x00000000a5d00000| Untracked 
| 606|0x00000000a5e00000, 0x00000000a5e00000, 0x00000000a5f00000|  0%| F|  |TAMS 0x00000000a5e00000, 0x00000000a5e00000| Untracked 
| 607|0x00000000a5f00000, 0x00000000a5f00000, 0x00000000a6000000|  0%| F|  |TAMS 0x00000000a5f00000, 0x00000000a5f00000| Untracked 
| 608|0x00000000a6000000, 0x00000000a6000000, 0x00000000a6100000|  0%| F|  |TAMS 0x00000000a6000000, 0x00000000a6000000| Untracked 
| 609|0x00000000a6100000, 0x00000000a6100000, 0x00000000a6200000|  0%| F|  |TAMS 0x00000000a6100000, 0x00000000a6100000| Untracked 
| 610|0x00000000a6200000, 0x00000000a6200000, 0x00000000a6300000|  0%| F|  |TAMS 0x00000000a6200000, 0x00000000a6200000| Untracked 
| 611|0x00000000a6300000, 0x00000000a6300000, 0x00000000a6400000|  0%| F|  |TAMS 0x00000000a6300000, 0x00000000a6300000| Untracked 
| 612|0x00000000a6400000, 0x00000000a6400000, 0x00000000a6500000|  0%| F|  |TAMS 0x00000000a6400000, 0x00000000a6400000| Untracked 
| 613|0x00000000a6500000, 0x00000000a6500000, 0x00000000a6600000|  0%| F|  |TAMS 0x00000000a6500000, 0x00000000a6500000| Untracked 
| 614|0x00000000a6600000, 0x00000000a6600000, 0x00000000a6700000|  0%| F|  |TAMS 0x00000000a6600000, 0x00000000a6600000| Untracked 
| 615|0x00000000a6700000, 0x00000000a6700000, 0x00000000a6800000|  0%| F|  |TAMS 0x00000000a6700000, 0x00000000a6700000| Untracked 
| 616|0x00000000a6800000, 0x00000000a6800000, 0x00000000a6900000|  0%| F|  |TAMS 0x00000000a6800000, 0x00000000a6800000| Untracked 
| 617|0x00000000a6900000, 0x00000000a6900000, 0x00000000a6a00000|  0%| F|  |TAMS 0x00000000a6900000, 0x00000000a6900000| Untracked 
| 618|0x00000000a6a00000, 0x00000000a6a00000, 0x00000000a6b00000|  0%| F|  |TAMS 0x00000000a6a00000, 0x00000000a6a00000| Untracked 
| 619|0x00000000a6b00000, 0x00000000a6b00000, 0x00000000a6c00000|  0%| F|  |TAMS 0x00000000a6b00000, 0x00000000a6b00000| Untracked 
| 620|0x00000000a6c00000, 0x00000000a6c00000, 0x00000000a6d00000|  0%| F|  |TAMS 0x00000000a6c00000, 0x00000000a6c00000| Untracked 
| 621|0x00000000a6d00000, 0x00000000a6d00000, 0x00000000a6e00000|  0%| F|  |TAMS 0x00000000a6d00000, 0x00000000a6d00000| Untracked 
| 622|0x00000000a6e00000, 0x00000000a6e00000, 0x00000000a6f00000|  0%| F|  |TAMS 0x00000000a6e00000, 0x00000000a6e00000| Untracked 
| 623|0x00000000a6f00000, 0x00000000a6f00000, 0x00000000a7000000|  0%| F|  |TAMS 0x00000000a6f00000, 0x00000000a6f00000| Untracked 
| 624|0x00000000a7000000, 0x00000000a7000000, 0x00000000a7100000|  0%| F|  |TAMS 0x00000000a7000000, 0x00000000a7000000| Untracked 
| 625|0x00000000a7100000, 0x00000000a7100000, 0x00000000a7200000|  0%| F|  |TAMS 0x00000000a7100000, 0x00000000a7100000| Untracked 
| 626|0x00000000a7200000, 0x00000000a7200000, 0x00000000a7300000|  0%| F|  |TAMS 0x00000000a7200000, 0x00000000a7200000| Untracked 
| 627|0x00000000a7300000, 0x00000000a7300000, 0x00000000a7400000|  0%| F|  |TAMS 0x00000000a7300000, 0x00000000a7300000| Untracked 
| 628|0x00000000a7400000, 0x00000000a7400000, 0x00000000a7500000|  0%| F|  |TAMS 0x00000000a7400000, 0x00000000a7400000| Untracked 
| 629|0x00000000a7500000, 0x00000000a7500000, 0x00000000a7600000|  0%| F|  |TAMS 0x00000000a7500000, 0x00000000a7500000| Untracked 
| 630|0x00000000a7600000, 0x00000000a7600000, 0x00000000a7700000|  0%| F|  |TAMS 0x00000000a7600000, 0x00000000a7600000| Untracked 
| 631|0x00000000a7700000, 0x00000000a7700000, 0x00000000a7800000|  0%| F|  |TAMS 0x00000000a7700000, 0x00000000a7700000| Untracked 
| 632|0x00000000a7800000, 0x00000000a7800000, 0x00000000a7900000|  0%| F|  |TAMS 0x00000000a7800000, 0x00000000a7800000| Untracked 
| 633|0x00000000a7900000, 0x00000000a7900000, 0x00000000a7a00000|  0%| F|  |TAMS 0x00000000a7900000, 0x00000000a7900000| Untracked 
| 634|0x00000000a7a00000, 0x00000000a7a00000, 0x00000000a7b00000|  0%| F|  |TAMS 0x00000000a7a00000, 0x00000000a7a00000| Untracked 
| 635|0x00000000a7b00000, 0x00000000a7b00000, 0x00000000a7c00000|  0%| F|  |TAMS 0x00000000a7b00000, 0x00000000a7b00000| Untracked 
| 636|0x00000000a7c00000, 0x00000000a7c00000, 0x00000000a7d00000|  0%| F|  |TAMS 0x00000000a7c00000, 0x00000000a7c00000| Untracked 
| 637|0x00000000a7d00000, 0x00000000a7d00000, 0x00000000a7e00000|  0%| F|  |TAMS 0x00000000a7d00000, 0x00000000a7d00000| Untracked 
| 638|0x00000000a7e00000, 0x00000000a7e00000, 0x00000000a7f00000|  0%| F|  |TAMS 0x00000000a7e00000, 0x00000000a7e00000| Untracked 
| 639|0x00000000a7f00000, 0x00000000a7f00000, 0x00000000a8000000|  0%| F|  |TAMS 0x00000000a7f00000, 0x00000000a7f00000| Untracked 
| 640|0x00000000a8000000, 0x00000000a8000000, 0x00000000a8100000|  0%| F|  |TAMS 0x00000000a8000000, 0x00000000a8000000| Untracked 
| 641|0x00000000a8100000, 0x00000000a8100000, 0x00000000a8200000|  0%| F|  |TAMS 0x00000000a8100000, 0x00000000a8100000| Untracked 
| 642|0x00000000a8200000, 0x00000000a8200000, 0x00000000a8300000|  0%| F|  |TAMS 0x00000000a8200000, 0x00000000a8200000| Untracked 
| 643|0x00000000a8300000, 0x00000000a8300000, 0x00000000a8400000|  0%| F|  |TAMS 0x00000000a8300000, 0x00000000a8300000| Untracked 
| 644|0x00000000a8400000, 0x00000000a8400000, 0x00000000a8500000|  0%| F|  |TAMS 0x00000000a8400000, 0x00000000a8400000| Untracked 
| 645|0x00000000a8500000, 0x00000000a8500000, 0x00000000a8600000|  0%| F|  |TAMS 0x00000000a8500000, 0x00000000a8500000| Untracked 
| 646|0x00000000a8600000, 0x00000000a8600000, 0x00000000a8700000|  0%| F|  |TAMS 0x00000000a8600000, 0x00000000a8600000| Untracked 
| 647|0x00000000a8700000, 0x00000000a8700000, 0x00000000a8800000|  0%| F|  |TAMS 0x00000000a8700000, 0x00000000a8700000| Untracked 
| 648|0x00000000a8800000, 0x00000000a8800000, 0x00000000a8900000|  0%| F|  |TAMS 0x00000000a8800000, 0x00000000a8800000| Untracked 
| 649|0x00000000a8900000, 0x00000000a8900000, 0x00000000a8a00000|  0%| F|  |TAMS 0x00000000a8900000, 0x00000000a8900000| Untracked 
| 650|0x00000000a8a00000, 0x00000000a8a00000, 0x00000000a8b00000|  0%| F|  |TAMS 0x00000000a8a00000, 0x00000000a8a00000| Untracked 
| 651|0x00000000a8b00000, 0x00000000a8b00000, 0x00000000a8c00000|  0%| F|  |TAMS 0x00000000a8b00000, 0x00000000a8b00000| Untracked 
| 652|0x00000000a8c00000, 0x00000000a8c00000, 0x00000000a8d00000|  0%| F|  |TAMS 0x00000000a8c00000, 0x00000000a8c00000| Untracked 
| 653|0x00000000a8d00000, 0x00000000a8d00000, 0x00000000a8e00000|  0%| F|  |TAMS 0x00000000a8d00000, 0x00000000a8d00000| Untracked 
| 654|0x00000000a8e00000, 0x00000000a8e00000, 0x00000000a8f00000|  0%| F|  |TAMS 0x00000000a8e00000, 0x00000000a8e00000| Untracked 
| 655|0x00000000a8f00000, 0x00000000a8f00000, 0x00000000a9000000|  0%| F|  |TAMS 0x00000000a8f00000, 0x00000000a8f00000| Untracked 
| 656|0x00000000a9000000, 0x00000000a9000000, 0x00000000a9100000|  0%| F|  |TAMS 0x00000000a9000000, 0x00000000a9000000| Untracked 
| 657|0x00000000a9100000, 0x00000000a9100000, 0x00000000a9200000|  0%| F|  |TAMS 0x00000000a9100000, 0x00000000a9100000| Untracked 
| 658|0x00000000a9200000, 0x00000000a9200000, 0x00000000a9300000|  0%| F|  |TAMS 0x00000000a9200000, 0x00000000a9200000| Untracked 
| 659|0x00000000a9300000, 0x00000000a9300000, 0x00000000a9400000|  0%| F|  |TAMS 0x00000000a9300000, 0x00000000a9300000| Untracked 
| 660|0x00000000a9400000, 0x00000000a9400000, 0x00000000a9500000|  0%| F|  |TAMS 0x00000000a9400000, 0x00000000a9400000| Untracked 
| 661|0x00000000a9500000, 0x00000000a9500000, 0x00000000a9600000|  0%| F|  |TAMS 0x00000000a9500000, 0x00000000a9500000| Untracked 
| 662|0x00000000a9600000, 0x00000000a9600000, 0x00000000a9700000|  0%| F|  |TAMS 0x00000000a9600000, 0x00000000a9600000| Untracked 
| 663|0x00000000a9700000, 0x00000000a9700000, 0x00000000a9800000|  0%| F|  |TAMS 0x00000000a9700000, 0x00000000a9700000| Untracked 
| 664|0x00000000a9800000, 0x00000000a9800000, 0x00000000a9900000|  0%| F|  |TAMS 0x00000000a9800000, 0x00000000a9800000| Untracked 
| 665|0x00000000a9900000, 0x00000000a9900000, 0x00000000a9a00000|  0%| F|  |TAMS 0x00000000a9900000, 0x00000000a9900000| Untracked 
| 666|0x00000000a9a00000, 0x00000000a9a00000, 0x00000000a9b00000|  0%| F|  |TAMS 0x00000000a9a00000, 0x00000000a9a00000| Untracked 
| 667|0x00000000a9b00000, 0x00000000a9b00000, 0x00000000a9c00000|  0%| F|  |TAMS 0x00000000a9b00000, 0x00000000a9b00000| Untracked 
| 668|0x00000000a9c00000, 0x00000000a9c00000, 0x00000000a9d00000|  0%| F|  |TAMS 0x00000000a9c00000, 0x00000000a9c00000| Untracked 
| 669|0x00000000a9d00000, 0x00000000a9d00000, 0x00000000a9e00000|  0%| F|  |TAMS 0x00000000a9d00000, 0x00000000a9d00000| Untracked 
| 670|0x00000000a9e00000, 0x00000000a9e00000, 0x00000000a9f00000|  0%| F|  |TAMS 0x00000000a9e00000, 0x00000000a9e00000| Untracked 
| 671|0x00000000a9f00000, 0x00000000a9f00000, 0x00000000aa000000|  0%| F|  |TAMS 0x00000000a9f00000, 0x00000000a9f00000| Untracked 
| 672|0x00000000aa000000, 0x00000000aa000000, 0x00000000aa100000|  0%| F|  |TAMS 0x00000000aa000000, 0x00000000aa000000| Untracked 
| 673|0x00000000aa100000, 0x00000000aa100000, 0x00000000aa200000|  0%| F|  |TAMS 0x00000000aa100000, 0x00000000aa100000| Untracked 
| 674|0x00000000aa200000, 0x00000000aa200000, 0x00000000aa300000|  0%| F|  |TAMS 0x00000000aa200000, 0x00000000aa200000| Untracked 
| 675|0x00000000aa300000, 0x00000000aa300000, 0x00000000aa400000|  0%| F|  |TAMS 0x00000000aa300000, 0x00000000aa300000| Untracked 
| 676|0x00000000aa400000, 0x00000000aa400000, 0x00000000aa500000|  0%| F|  |TAMS 0x00000000aa400000, 0x00000000aa400000| Untracked 
| 677|0x00000000aa500000, 0x00000000aa500000, 0x00000000aa600000|  0%| F|  |TAMS 0x00000000aa500000, 0x00000000aa500000| Untracked 
| 678|0x00000000aa600000, 0x00000000aa600000, 0x00000000aa700000|  0%| F|  |TAMS 0x00000000aa600000, 0x00000000aa600000| Untracked 
| 679|0x00000000aa700000, 0x00000000aa700000, 0x00000000aa800000|  0%| F|  |TAMS 0x00000000aa700000, 0x00000000aa700000| Untracked 
| 680|0x00000000aa800000, 0x00000000aa800000, 0x00000000aa900000|  0%| F|  |TAMS 0x00000000aa800000, 0x00000000aa800000| Untracked 
| 681|0x00000000aa900000, 0x00000000aa900000, 0x00000000aaa00000|  0%| F|  |TAMS 0x00000000aa900000, 0x00000000aa900000| Untracked 
| 682|0x00000000aaa00000, 0x00000000aaa00000, 0x00000000aab00000|  0%| F|  |TAMS 0x00000000aaa00000, 0x00000000aaa00000| Untracked 
| 683|0x00000000aab00000, 0x00000000aab00000, 0x00000000aac00000|  0%| F|  |TAMS 0x00000000aab00000, 0x00000000aab00000| Untracked 
| 684|0x00000000aac00000, 0x00000000aac00000, 0x00000000aad00000|  0%| F|  |TAMS 0x00000000aac00000, 0x00000000aac00000| Untracked 
| 685|0x00000000aad00000, 0x00000000aad00000, 0x00000000aae00000|  0%| F|  |TAMS 0x00000000aad00000, 0x00000000aad00000| Untracked 
| 686|0x00000000aae00000, 0x00000000aae00000, 0x00000000aaf00000|  0%| F|  |TAMS 0x00000000aae00000, 0x00000000aae00000| Untracked 
| 687|0x00000000aaf00000, 0x00000000aaf00000, 0x00000000ab000000|  0%| F|  |TAMS 0x00000000aaf00000, 0x00000000aaf00000| Untracked 
| 688|0x00000000ab000000, 0x00000000ab000000, 0x00000000ab100000|  0%| F|  |TAMS 0x00000000ab000000, 0x00000000ab000000| Untracked 
| 689|0x00000000ab100000, 0x00000000ab100000, 0x00000000ab200000|  0%| F|  |TAMS 0x00000000ab100000, 0x00000000ab100000| Untracked 
| 690|0x00000000ab200000, 0x00000000ab200000, 0x00000000ab300000|  0%| F|  |TAMS 0x00000000ab200000, 0x00000000ab200000| Untracked 
| 691|0x00000000ab300000, 0x00000000ab300000, 0x00000000ab400000|  0%| F|  |TAMS 0x00000000ab300000, 0x00000000ab300000| Untracked 
| 692|0x00000000ab400000, 0x00000000ab400000, 0x00000000ab500000|  0%| F|  |TAMS 0x00000000ab400000, 0x00000000ab400000| Untracked 
| 693|0x00000000ab500000, 0x00000000ab500000, 0x00000000ab600000|  0%| F|  |TAMS 0x00000000ab500000, 0x00000000ab500000| Untracked 
| 694|0x00000000ab600000, 0x00000000ab600000, 0x00000000ab700000|  0%| F|  |TAMS 0x00000000ab600000, 0x00000000ab600000| Untracked 
| 695|0x00000000ab700000, 0x00000000ab700000, 0x00000000ab800000|  0%| F|  |TAMS 0x00000000ab700000, 0x00000000ab700000| Untracked 
| 696|0x00000000ab800000, 0x00000000ab800000, 0x00000000ab900000|  0%| F|  |TAMS 0x00000000ab800000, 0x00000000ab800000| Untracked 
| 697|0x00000000ab900000, 0x00000000ab900000, 0x00000000aba00000|  0%| F|  |TAMS 0x00000000ab900000, 0x00000000ab900000| Untracked 
| 698|0x00000000aba00000, 0x00000000aba00000, 0x00000000abb00000|  0%| F|  |TAMS 0x00000000aba00000, 0x00000000aba00000| Untracked 
| 699|0x00000000abb00000, 0x00000000abb00000, 0x00000000abc00000|  0%| F|  |TAMS 0x00000000abb00000, 0x00000000abb00000| Untracked 
| 700|0x00000000abc00000, 0x00000000abc00000, 0x00000000abd00000|  0%| F|  |TAMS 0x00000000abc00000, 0x00000000abc00000| Untracked 
| 701|0x00000000abd00000, 0x00000000abd00000, 0x00000000abe00000|  0%| F|  |TAMS 0x00000000abd00000, 0x00000000abd00000| Untracked 
| 702|0x00000000abe00000, 0x00000000abe00000, 0x00000000abf00000|  0%| F|  |TAMS 0x00000000abe00000, 0x00000000abe00000| Untracked 
| 703|0x00000000abf00000, 0x00000000abf00000, 0x00000000ac000000|  0%| F|  |TAMS 0x00000000abf00000, 0x00000000abf00000| Untracked 
| 704|0x00000000ac000000, 0x00000000ac000000, 0x00000000ac100000|  0%| F|  |TAMS 0x00000000ac000000, 0x00000000ac000000| Untracked 
| 705|0x00000000ac100000, 0x00000000ac100000, 0x00000000ac200000|  0%| F|  |TAMS 0x00000000ac100000, 0x00000000ac100000| Untracked 
| 706|0x00000000ac200000, 0x00000000ac200000, 0x00000000ac300000|  0%| F|  |TAMS 0x00000000ac200000, 0x00000000ac200000| Untracked 
| 707|0x00000000ac300000, 0x00000000ac300000, 0x00000000ac400000|  0%| F|  |TAMS 0x00000000ac300000, 0x00000000ac300000| Untracked 
| 708|0x00000000ac400000, 0x00000000ac400000, 0x00000000ac500000|  0%| F|  |TAMS 0x00000000ac400000, 0x00000000ac400000| Untracked 
| 709|0x00000000ac500000, 0x00000000ac500000, 0x00000000ac600000|  0%| F|  |TAMS 0x00000000ac500000, 0x00000000ac500000| Untracked 
| 710|0x00000000ac600000, 0x00000000ac600000, 0x00000000ac700000|  0%| F|  |TAMS 0x00000000ac600000, 0x00000000ac600000| Untracked 
| 711|0x00000000ac700000, 0x00000000ac700000, 0x00000000ac800000|  0%| F|  |TAMS 0x00000000ac700000, 0x00000000ac700000| Untracked 
| 712|0x00000000ac800000, 0x00000000ac800000, 0x00000000ac900000|  0%| F|  |TAMS 0x00000000ac800000, 0x00000000ac800000| Untracked 
| 713|0x00000000ac900000, 0x00000000ac900000, 0x00000000aca00000|  0%| F|  |TAMS 0x00000000ac900000, 0x00000000ac900000| Untracked 
| 714|0x00000000aca00000, 0x00000000aca00000, 0x00000000acb00000|  0%| F|  |TAMS 0x00000000aca00000, 0x00000000aca00000| Untracked 
| 715|0x00000000acb00000, 0x00000000acb00000, 0x00000000acc00000|  0%| F|  |TAMS 0x00000000acb00000, 0x00000000acb00000| Untracked 
| 716|0x00000000acc00000, 0x00000000acc00000, 0x00000000acd00000|  0%| F|  |TAMS 0x00000000acc00000, 0x00000000acc00000| Untracked 
| 717|0x00000000acd00000, 0x00000000acd00000, 0x00000000ace00000|  0%| F|  |TAMS 0x00000000acd00000, 0x00000000acd00000| Untracked 
| 718|0x00000000ace00000, 0x00000000ace00000, 0x00000000acf00000|  0%| F|  |TAMS 0x00000000ace00000, 0x00000000ace00000| Untracked 
| 719|0x00000000acf00000, 0x00000000acf00000, 0x00000000ad000000|  0%| F|  |TAMS 0x00000000acf00000, 0x00000000acf00000| Untracked 
| 720|0x00000000ad000000, 0x00000000ad000000, 0x00000000ad100000|  0%| F|  |TAMS 0x00000000ad000000, 0x00000000ad000000| Untracked 
| 721|0x00000000ad100000, 0x00000000ad100000, 0x00000000ad200000|  0%| F|  |TAMS 0x00000000ad100000, 0x00000000ad100000| Untracked 
| 722|0x00000000ad200000, 0x00000000ad200000, 0x00000000ad300000|  0%| F|  |TAMS 0x00000000ad200000, 0x00000000ad200000| Untracked 
| 723|0x00000000ad300000, 0x00000000ad300000, 0x00000000ad400000|  0%| F|  |TAMS 0x00000000ad300000, 0x00000000ad300000| Untracked 
| 724|0x00000000ad400000, 0x00000000ad400000, 0x00000000ad500000|  0%| F|  |TAMS 0x00000000ad400000, 0x00000000ad400000| Untracked 
| 725|0x00000000ad500000, 0x00000000ad500000, 0x00000000ad600000|  0%| F|  |TAMS 0x00000000ad500000, 0x00000000ad500000| Untracked 
| 726|0x00000000ad600000, 0x00000000ad600000, 0x00000000ad700000|  0%| F|  |TAMS 0x00000000ad600000, 0x00000000ad600000| Untracked 
| 727|0x00000000ad700000, 0x00000000ad700000, 0x00000000ad800000|  0%| F|  |TAMS 0x00000000ad700000, 0x00000000ad700000| Untracked 
| 728|0x00000000ad800000, 0x00000000ad800000, 0x00000000ad900000|  0%| F|  |TAMS 0x00000000ad800000, 0x00000000ad800000| Untracked 
| 729|0x00000000ad900000, 0x00000000ad900000, 0x00000000ada00000|  0%| F|  |TAMS 0x00000000ad900000, 0x00000000ad900000| Untracked 
| 730|0x00000000ada00000, 0x00000000ada00000, 0x00000000adb00000|  0%| F|  |TAMS 0x00000000ada00000, 0x00000000ada00000| Untracked 
| 731|0x00000000adb00000, 0x00000000adb00000, 0x00000000adc00000|  0%| F|  |TAMS 0x00000000adb00000, 0x00000000adb00000| Untracked 
| 732|0x00000000adc00000, 0x00000000adc00000, 0x00000000add00000|  0%| F|  |TAMS 0x00000000adc00000, 0x00000000adc00000| Untracked 
| 733|0x00000000add00000, 0x00000000add00000, 0x00000000ade00000|  0%| F|  |TAMS 0x00000000add00000, 0x00000000add00000| Untracked 
| 734|0x00000000ade00000, 0x00000000ade00000, 0x00000000adf00000|  0%| F|  |TAMS 0x00000000ade00000, 0x00000000ade00000| Untracked 
| 735|0x00000000adf00000, 0x00000000adf00000, 0x00000000ae000000|  0%| F|  |TAMS 0x00000000adf00000, 0x00000000adf00000| Untracked 
| 736|0x00000000ae000000, 0x00000000ae000000, 0x00000000ae100000|  0%| F|  |TAMS 0x00000000ae000000, 0x00000000ae000000| Untracked 
| 737|0x00000000ae100000, 0x00000000ae100000, 0x00000000ae200000|  0%| F|  |TAMS 0x00000000ae100000, 0x00000000ae100000| Untracked 
| 738|0x00000000ae200000, 0x00000000ae200000, 0x00000000ae300000|  0%| F|  |TAMS 0x00000000ae200000, 0x00000000ae200000| Untracked 
| 739|0x00000000ae300000, 0x00000000ae300000, 0x00000000ae400000|  0%| F|  |TAMS 0x00000000ae300000, 0x00000000ae300000| Untracked 
| 740|0x00000000ae400000, 0x00000000ae400000, 0x00000000ae500000|  0%| F|  |TAMS 0x00000000ae400000, 0x00000000ae400000| Untracked 
| 741|0x00000000ae500000, 0x00000000ae500000, 0x00000000ae600000|  0%| F|  |TAMS 0x00000000ae500000, 0x00000000ae500000| Untracked 
| 742|0x00000000ae600000, 0x00000000ae600000, 0x00000000ae700000|  0%| F|  |TAMS 0x00000000ae600000, 0x00000000ae600000| Untracked 
| 743|0x00000000ae700000, 0x00000000ae700000, 0x00000000ae800000|  0%| F|  |TAMS 0x00000000ae700000, 0x00000000ae700000| Untracked 
| 744|0x00000000ae800000, 0x00000000ae800000, 0x00000000ae900000|  0%| F|  |TAMS 0x00000000ae800000, 0x00000000ae800000| Untracked 
| 745|0x00000000ae900000, 0x00000000ae900000, 0x00000000aea00000|  0%| F|  |TAMS 0x00000000ae900000, 0x00000000ae900000| Untracked 
| 746|0x00000000aea00000, 0x00000000aea00000, 0x00000000aeb00000|  0%| F|  |TAMS 0x00000000aea00000, 0x00000000aea00000| Untracked 
| 747|0x00000000aeb00000, 0x00000000aeb00000, 0x00000000aec00000|  0%| F|  |TAMS 0x00000000aeb00000, 0x00000000aeb00000| Untracked 
| 748|0x00000000aec00000, 0x00000000aec00000, 0x00000000aed00000|  0%| F|  |TAMS 0x00000000aec00000, 0x00000000aec00000| Untracked 
| 749|0x00000000aed00000, 0x00000000aed00000, 0x00000000aee00000|  0%| F|  |TAMS 0x00000000aed00000, 0x00000000aed00000| Untracked 
| 750|0x00000000aee00000, 0x00000000aee00000, 0x00000000aef00000|  0%| F|  |TAMS 0x00000000aee00000, 0x00000000aee00000| Untracked 
| 751|0x00000000aef00000, 0x00000000aef00000, 0x00000000af000000|  0%| F|  |TAMS 0x00000000aef00000, 0x00000000aef00000| Untracked 
| 752|0x00000000af000000, 0x00000000af000000, 0x00000000af100000|  0%| F|  |TAMS 0x00000000af000000, 0x00000000af000000| Untracked 
| 753|0x00000000af100000, 0x00000000af100000, 0x00000000af200000|  0%| F|  |TAMS 0x00000000af100000, 0x00000000af100000| Untracked 
| 754|0x00000000af200000, 0x00000000af200000, 0x00000000af300000|  0%| F|  |TAMS 0x00000000af200000, 0x00000000af200000| Untracked 
| 755|0x00000000af300000, 0x00000000af300000, 0x00000000af400000|  0%| F|  |TAMS 0x00000000af300000, 0x00000000af300000| Untracked 
| 756|0x00000000af400000, 0x00000000af400000, 0x00000000af500000|  0%| F|  |TAMS 0x00000000af400000, 0x00000000af400000| Untracked 
| 757|0x00000000af500000, 0x00000000af500000, 0x00000000af600000|  0%| F|  |TAMS 0x00000000af500000, 0x00000000af500000| Untracked 
| 758|0x00000000af600000, 0x00000000af600000, 0x00000000af700000|  0%| F|  |TAMS 0x00000000af600000, 0x00000000af600000| Untracked 
| 759|0x00000000af700000, 0x00000000af700000, 0x00000000af800000|  0%| F|  |TAMS 0x00000000af700000, 0x00000000af700000| Untracked 
| 760|0x00000000af800000, 0x00000000af800000, 0x00000000af900000|  0%| F|  |TAMS 0x00000000af800000, 0x00000000af800000| Untracked 
| 761|0x00000000af900000, 0x00000000af900000, 0x00000000afa00000|  0%| F|  |TAMS 0x00000000af900000, 0x00000000af900000| Untracked 
| 762|0x00000000afa00000, 0x00000000afa00000, 0x00000000afb00000|  0%| F|  |TAMS 0x00000000afa00000, 0x00000000afa00000| Untracked 
| 763|0x00000000afb00000, 0x00000000afb00000, 0x00000000afc00000|  0%| F|  |TAMS 0x00000000afb00000, 0x00000000afb00000| Untracked 
| 764|0x00000000afc00000, 0x00000000afc00000, 0x00000000afd00000|  0%| F|  |TAMS 0x00000000afc00000, 0x00000000afc00000| Untracked 
| 765|0x00000000afd00000, 0x00000000afd00000, 0x00000000afe00000|  0%| F|  |TAMS 0x00000000afd00000, 0x00000000afd00000| Untracked 
| 766|0x00000000afe00000, 0x00000000afe00000, 0x00000000aff00000|  0%| F|  |TAMS 0x00000000afe00000, 0x00000000afe00000| Untracked 
| 767|0x00000000aff00000, 0x00000000aff00000, 0x00000000b0000000|  0%| F|  |TAMS 0x00000000aff00000, 0x00000000aff00000| Untracked 
| 768|0x00000000b0000000, 0x00000000b0000000, 0x00000000b0100000|  0%| F|  |TAMS 0x00000000b0000000, 0x00000000b0000000| Untracked 
| 769|0x00000000b0100000, 0x00000000b0100000, 0x00000000b0200000|  0%| F|  |TAMS 0x00000000b0100000, 0x00000000b0100000| Untracked 
| 770|0x00000000b0200000, 0x00000000b0200000, 0x00000000b0300000|  0%| F|  |TAMS 0x00000000b0200000, 0x00000000b0200000| Untracked 
| 771|0x00000000b0300000, 0x00000000b0300000, 0x00000000b0400000|  0%| F|  |TAMS 0x00000000b0300000, 0x00000000b0300000| Untracked 
| 772|0x00000000b0400000, 0x00000000b0400000, 0x00000000b0500000|  0%| F|  |TAMS 0x00000000b0400000, 0x00000000b0400000| Untracked 
| 773|0x00000000b0500000, 0x00000000b0500000, 0x00000000b0600000|  0%| F|  |TAMS 0x00000000b0500000, 0x00000000b0500000| Untracked 
| 774|0x00000000b0600000, 0x00000000b0600000, 0x00000000b0700000|  0%| F|  |TAMS 0x00000000b0600000, 0x00000000b0600000| Untracked 
| 775|0x00000000b0700000, 0x00000000b0700000, 0x00000000b0800000|  0%| F|  |TAMS 0x00000000b0700000, 0x00000000b0700000| Untracked 
| 776|0x00000000b0800000, 0x00000000b0800000, 0x00000000b0900000|  0%| F|  |TAMS 0x00000000b0800000, 0x00000000b0800000| Untracked 
| 777|0x00000000b0900000, 0x00000000b0900000, 0x00000000b0a00000|  0%| F|  |TAMS 0x00000000b0900000, 0x00000000b0900000| Untracked 
| 778|0x00000000b0a00000, 0x00000000b0a00000, 0x00000000b0b00000|  0%| F|  |TAMS 0x00000000b0a00000, 0x00000000b0a00000| Untracked 
| 779|0x00000000b0b00000, 0x00000000b0b00000, 0x00000000b0c00000|  0%| F|  |TAMS 0x00000000b0b00000, 0x00000000b0b00000| Untracked 
| 780|0x00000000b0c00000, 0x00000000b0c00000, 0x00000000b0d00000|  0%| F|  |TAMS 0x00000000b0c00000, 0x00000000b0c00000| Untracked 
| 781|0x00000000b0d00000, 0x00000000b0d00000, 0x00000000b0e00000|  0%| F|  |TAMS 0x00000000b0d00000, 0x00000000b0d00000| Untracked 
| 782|0x00000000b0e00000, 0x00000000b0e00000, 0x00000000b0f00000|  0%| F|  |TAMS 0x00000000b0e00000, 0x00000000b0e00000| Untracked 
| 783|0x00000000b0f00000, 0x00000000b0f00000, 0x00000000b1000000|  0%| F|  |TAMS 0x00000000b0f00000, 0x00000000b0f00000| Untracked 
| 784|0x00000000b1000000, 0x00000000b1000000, 0x00000000b1100000|  0%| F|  |TAMS 0x00000000b1000000, 0x00000000b1000000| Untracked 
| 785|0x00000000b1100000, 0x00000000b1100000, 0x00000000b1200000|  0%| F|  |TAMS 0x00000000b1100000, 0x00000000b1100000| Untracked 
| 786|0x00000000b1200000, 0x00000000b1200000, 0x00000000b1300000|  0%| F|  |TAMS 0x00000000b1200000, 0x00000000b1200000| Untracked 
| 787|0x00000000b1300000, 0x00000000b1300000, 0x00000000b1400000|  0%| F|  |TAMS 0x00000000b1300000, 0x00000000b1300000| Untracked 
| 788|0x00000000b1400000, 0x00000000b1400000, 0x00000000b1500000|  0%| F|  |TAMS 0x00000000b1400000, 0x00000000b1400000| Untracked 
| 789|0x00000000b1500000, 0x00000000b1500000, 0x00000000b1600000|  0%| F|  |TAMS 0x00000000b1500000, 0x00000000b1500000| Untracked 
| 790|0x00000000b1600000, 0x00000000b1600000, 0x00000000b1700000|  0%| F|  |TAMS 0x00000000b1600000, 0x00000000b1600000| Untracked 
| 791|0x00000000b1700000, 0x00000000b1700000, 0x00000000b1800000|  0%| F|  |TAMS 0x00000000b1700000, 0x00000000b1700000| Untracked 
| 792|0x00000000b1800000, 0x00000000b1800000, 0x00000000b1900000|  0%| F|  |TAMS 0x00000000b1800000, 0x00000000b1800000| Untracked 
| 793|0x00000000b1900000, 0x00000000b1900000, 0x00000000b1a00000|  0%| F|  |TAMS 0x00000000b1900000, 0x00000000b1900000| Untracked 
| 794|0x00000000b1a00000, 0x00000000b1a00000, 0x00000000b1b00000|  0%| F|  |TAMS 0x00000000b1a00000, 0x00000000b1a00000| Untracked 
| 795|0x00000000b1b00000, 0x00000000b1b00000, 0x00000000b1c00000|  0%| F|  |TAMS 0x00000000b1b00000, 0x00000000b1b00000| Untracked 
| 796|0x00000000b1c00000, 0x00000000b1c00000, 0x00000000b1d00000|  0%| F|  |TAMS 0x00000000b1c00000, 0x00000000b1c00000| Untracked 
| 797|0x00000000b1d00000, 0x00000000b1d00000, 0x00000000b1e00000|  0%| F|  |TAMS 0x00000000b1d00000, 0x00000000b1d00000| Untracked 
| 798|0x00000000b1e00000, 0x00000000b1e00000, 0x00000000b1f00000|  0%| F|  |TAMS 0x00000000b1e00000, 0x00000000b1e00000| Untracked 
| 799|0x00000000b1f00000, 0x00000000b1f00000, 0x00000000b2000000|  0%| F|  |TAMS 0x00000000b1f00000, 0x00000000b1f00000| Untracked 
| 800|0x00000000b2000000, 0x00000000b2000000, 0x00000000b2100000|  0%| F|  |TAMS 0x00000000b2000000, 0x00000000b2000000| Untracked 
| 801|0x00000000b2100000, 0x00000000b2100000, 0x00000000b2200000|  0%| F|  |TAMS 0x00000000b2100000, 0x00000000b2100000| Untracked 
| 802|0x00000000b2200000, 0x00000000b2200000, 0x00000000b2300000|  0%| F|  |TAMS 0x00000000b2200000, 0x00000000b2200000| Untracked 
| 803|0x00000000b2300000, 0x00000000b2300000, 0x00000000b2400000|  0%| F|  |TAMS 0x00000000b2300000, 0x00000000b2300000| Untracked 
| 804|0x00000000b2400000, 0x00000000b2400000, 0x00000000b2500000|  0%| F|  |TAMS 0x00000000b2400000, 0x00000000b2400000| Untracked 
| 805|0x00000000b2500000, 0x00000000b2500000, 0x00000000b2600000|  0%| F|  |TAMS 0x00000000b2500000, 0x00000000b2500000| Untracked 
| 806|0x00000000b2600000, 0x00000000b2600000, 0x00000000b2700000|  0%| F|  |TAMS 0x00000000b2600000, 0x00000000b2600000| Untracked 
| 807|0x00000000b2700000, 0x00000000b2700000, 0x00000000b2800000|  0%| F|  |TAMS 0x00000000b2700000, 0x00000000b2700000| Untracked 
| 808|0x00000000b2800000, 0x00000000b2800000, 0x00000000b2900000|  0%| F|  |TAMS 0x00000000b2800000, 0x00000000b2800000| Untracked 
| 809|0x00000000b2900000, 0x00000000b2900000, 0x00000000b2a00000|  0%| F|  |TAMS 0x00000000b2900000, 0x00000000b2900000| Untracked 
| 810|0x00000000b2a00000, 0x00000000b2a00000, 0x00000000b2b00000|  0%| F|  |TAMS 0x00000000b2a00000, 0x00000000b2a00000| Untracked 
| 811|0x00000000b2b00000, 0x00000000b2b00000, 0x00000000b2c00000|  0%| F|  |TAMS 0x00000000b2b00000, 0x00000000b2b00000| Untracked 
| 812|0x00000000b2c00000, 0x00000000b2c00000, 0x00000000b2d00000|  0%| F|  |TAMS 0x00000000b2c00000, 0x00000000b2c00000| Untracked 
| 813|0x00000000b2d00000, 0x00000000b2d00000, 0x00000000b2e00000|  0%| F|  |TAMS 0x00000000b2d00000, 0x00000000b2d00000| Untracked 
| 814|0x00000000b2e00000, 0x00000000b2e00000, 0x00000000b2f00000|  0%| F|  |TAMS 0x00000000b2e00000, 0x00000000b2e00000| Untracked 
| 815|0x00000000b2f00000, 0x00000000b2f00000, 0x00000000b3000000|  0%| F|  |TAMS 0x00000000b2f00000, 0x00000000b2f00000| Untracked 
| 816|0x00000000b3000000, 0x00000000b3000000, 0x00000000b3100000|  0%| F|  |TAMS 0x00000000b3000000, 0x00000000b3000000| Untracked 
| 817|0x00000000b3100000, 0x00000000b3100000, 0x00000000b3200000|  0%| F|  |TAMS 0x00000000b3100000, 0x00000000b3100000| Untracked 
| 818|0x00000000b3200000, 0x00000000b3200000, 0x00000000b3300000|  0%| F|  |TAMS 0x00000000b3200000, 0x00000000b3200000| Untracked 
| 819|0x00000000b3300000, 0x00000000b3300000, 0x00000000b3400000|  0%| F|  |TAMS 0x00000000b3300000, 0x00000000b3300000| Untracked 
| 820|0x00000000b3400000, 0x00000000b3400000, 0x00000000b3500000|  0%| F|  |TAMS 0x00000000b3400000, 0x00000000b3400000| Untracked 
| 821|0x00000000b3500000, 0x00000000b3500000, 0x00000000b3600000|  0%| F|  |TAMS 0x00000000b3500000, 0x00000000b3500000| Untracked 
| 822|0x00000000b3600000, 0x00000000b3600000, 0x00000000b3700000|  0%| F|  |TAMS 0x00000000b3600000, 0x00000000b3600000| Untracked 
| 823|0x00000000b3700000, 0x00000000b3700000, 0x00000000b3800000|  0%| F|  |TAMS 0x00000000b3700000, 0x00000000b3700000| Untracked 
| 824|0x00000000b3800000, 0x00000000b3800000, 0x00000000b3900000|  0%| F|  |TAMS 0x00000000b3800000, 0x00000000b3800000| Untracked 
| 825|0x00000000b3900000, 0x00000000b3900000, 0x00000000b3a00000|  0%| F|  |TAMS 0x00000000b3900000, 0x00000000b3900000| Untracked 
| 826|0x00000000b3a00000, 0x00000000b3a00000, 0x00000000b3b00000|  0%| F|  |TAMS 0x00000000b3a00000, 0x00000000b3a00000| Untracked 
| 827|0x00000000b3b00000, 0x00000000b3b00000, 0x00000000b3c00000|  0%| F|  |TAMS 0x00000000b3b00000, 0x00000000b3b00000| Untracked 
| 828|0x00000000b3c00000, 0x00000000b3c00000, 0x00000000b3d00000|  0%| F|  |TAMS 0x00000000b3c00000, 0x00000000b3c00000| Untracked 
| 829|0x00000000b3d00000, 0x00000000b3d00000, 0x00000000b3e00000|  0%| F|  |TAMS 0x00000000b3d00000, 0x00000000b3d00000| Untracked 
| 830|0x00000000b3e00000, 0x00000000b3e00000, 0x00000000b3f00000|  0%| F|  |TAMS 0x00000000b3e00000, 0x00000000b3e00000| Untracked 
| 831|0x00000000b3f00000, 0x00000000b3f00000, 0x00000000b4000000|  0%| F|  |TAMS 0x00000000b3f00000, 0x00000000b3f00000| Untracked 
| 832|0x00000000b4000000, 0x00000000b4000000, 0x00000000b4100000|  0%| F|  |TAMS 0x00000000b4000000, 0x00000000b4000000| Untracked 
| 833|0x00000000b4100000, 0x00000000b4100000, 0x00000000b4200000|  0%| F|  |TAMS 0x00000000b4100000, 0x00000000b4100000| Untracked 
| 834|0x00000000b4200000, 0x00000000b4200000, 0x00000000b4300000|  0%| F|  |TAMS 0x00000000b4200000, 0x00000000b4200000| Untracked 
| 835|0x00000000b4300000, 0x00000000b4300000, 0x00000000b4400000|  0%| F|  |TAMS 0x00000000b4300000, 0x00000000b4300000| Untracked 
| 836|0x00000000b4400000, 0x00000000b4400000, 0x00000000b4500000|  0%| F|  |TAMS 0x00000000b4400000, 0x00000000b4400000| Untracked 
| 837|0x00000000b4500000, 0x00000000b4500000, 0x00000000b4600000|  0%| F|  |TAMS 0x00000000b4500000, 0x00000000b4500000| Untracked 
| 838|0x00000000b4600000, 0x00000000b4600000, 0x00000000b4700000|  0%| F|  |TAMS 0x00000000b4600000, 0x00000000b4600000| Untracked 
| 839|0x00000000b4700000, 0x00000000b4700000, 0x00000000b4800000|  0%| F|  |TAMS 0x00000000b4700000, 0x00000000b4700000| Untracked 
| 840|0x00000000b4800000, 0x00000000b4800000, 0x00000000b4900000|  0%| F|  |TAMS 0x00000000b4800000, 0x00000000b4800000| Untracked 
| 841|0x00000000b4900000, 0x00000000b4900000, 0x00000000b4a00000|  0%| F|  |TAMS 0x00000000b4900000, 0x00000000b4900000| Untracked 
| 842|0x00000000b4a00000, 0x00000000b4a00000, 0x00000000b4b00000|  0%| F|  |TAMS 0x00000000b4a00000, 0x00000000b4a00000| Untracked 
| 843|0x00000000b4b00000, 0x00000000b4b00000, 0x00000000b4c00000|  0%| F|  |TAMS 0x00000000b4b00000, 0x00000000b4b00000| Untracked 
| 844|0x00000000b4c00000, 0x00000000b4c00000, 0x00000000b4d00000|  0%| F|  |TAMS 0x00000000b4c00000, 0x00000000b4c00000| Untracked 
| 845|0x00000000b4d00000, 0x00000000b4d00000, 0x00000000b4e00000|  0%| F|  |TAMS 0x00000000b4d00000, 0x00000000b4d00000| Untracked 
| 846|0x00000000b4e00000, 0x00000000b4e00000, 0x00000000b4f00000|  0%| F|  |TAMS 0x00000000b4e00000, 0x00000000b4e00000| Untracked 
| 847|0x00000000b4f00000, 0x00000000b4f00000, 0x00000000b5000000|  0%| F|  |TAMS 0x00000000b4f00000, 0x00000000b4f00000| Untracked 
| 848|0x00000000b5000000, 0x00000000b5000000, 0x00000000b5100000|  0%| F|  |TAMS 0x00000000b5000000, 0x00000000b5000000| Untracked 
| 849|0x00000000b5100000, 0x00000000b5100000, 0x00000000b5200000|  0%| F|  |TAMS 0x00000000b5100000, 0x00000000b5100000| Untracked 
| 850|0x00000000b5200000, 0x00000000b5200000, 0x00000000b5300000|  0%| F|  |TAMS 0x00000000b5200000, 0x00000000b5200000| Untracked 
| 851|0x00000000b5300000, 0x00000000b5300000, 0x00000000b5400000|  0%| F|  |TAMS 0x00000000b5300000, 0x00000000b5300000| Untracked 
| 852|0x00000000b5400000, 0x00000000b5400000, 0x00000000b5500000|  0%| F|  |TAMS 0x00000000b5400000, 0x00000000b5400000| Untracked 
| 853|0x00000000b5500000, 0x00000000b5500000, 0x00000000b5600000|  0%| F|  |TAMS 0x00000000b5500000, 0x00000000b5500000| Untracked 
| 854|0x00000000b5600000, 0x00000000b5600000, 0x00000000b5700000|  0%| F|  |TAMS 0x00000000b5600000, 0x00000000b5600000| Untracked 
| 855|0x00000000b5700000, 0x00000000b5700000, 0x00000000b5800000|  0%| F|  |TAMS 0x00000000b5700000, 0x00000000b5700000| Untracked 
| 856|0x00000000b5800000, 0x00000000b5800000, 0x00000000b5900000|  0%| F|  |TAMS 0x00000000b5800000, 0x00000000b5800000| Untracked 
| 857|0x00000000b5900000, 0x00000000b5900000, 0x00000000b5a00000|  0%| F|  |TAMS 0x00000000b5900000, 0x00000000b5900000| Untracked 
| 858|0x00000000b5a00000, 0x00000000b5a00000, 0x00000000b5b00000|  0%| F|  |TAMS 0x00000000b5a00000, 0x00000000b5a00000| Untracked 
| 859|0x00000000b5b00000, 0x00000000b5b00000, 0x00000000b5c00000|  0%| F|  |TAMS 0x00000000b5b00000, 0x00000000b5b00000| Untracked 
| 860|0x00000000b5c00000, 0x00000000b5c00000, 0x00000000b5d00000|  0%| F|  |TAMS 0x00000000b5c00000, 0x00000000b5c00000| Untracked 
| 861|0x00000000b5d00000, 0x00000000b5d00000, 0x00000000b5e00000|  0%| F|  |TAMS 0x00000000b5d00000, 0x00000000b5d00000| Untracked 
| 862|0x00000000b5e00000, 0x00000000b5e00000, 0x00000000b5f00000|  0%| F|  |TAMS 0x00000000b5e00000, 0x00000000b5e00000| Untracked 
| 863|0x00000000b5f00000, 0x00000000b5f00000, 0x00000000b6000000|  0%| F|  |TAMS 0x00000000b5f00000, 0x00000000b5f00000| Untracked 
| 864|0x00000000b6000000, 0x00000000b6000000, 0x00000000b6100000|  0%| F|  |TAMS 0x00000000b6000000, 0x00000000b6000000| Untracked 
| 865|0x00000000b6100000, 0x00000000b6100000, 0x00000000b6200000|  0%| F|  |TAMS 0x00000000b6100000, 0x00000000b6100000| Untracked 
| 866|0x00000000b6200000, 0x00000000b6200000, 0x00000000b6300000|  0%| F|  |TAMS 0x00000000b6200000, 0x00000000b6200000| Untracked 
| 867|0x00000000b6300000, 0x00000000b6300000, 0x00000000b6400000|  0%| F|  |TAMS 0x00000000b6300000, 0x00000000b6300000| Untracked 
| 868|0x00000000b6400000, 0x00000000b6400000, 0x00000000b6500000|  0%| F|  |TAMS 0x00000000b6400000, 0x00000000b6400000| Untracked 
| 869|0x00000000b6500000, 0x00000000b6500000, 0x00000000b6600000|  0%| F|  |TAMS 0x00000000b6500000, 0x00000000b6500000| Untracked 
| 870|0x00000000b6600000, 0x00000000b6600000, 0x00000000b6700000|  0%| F|  |TAMS 0x00000000b6600000, 0x00000000b6600000| Untracked 
| 871|0x00000000b6700000, 0x00000000b6700000, 0x00000000b6800000|  0%| F|  |TAMS 0x00000000b6700000, 0x00000000b6700000| Untracked 
| 872|0x00000000b6800000, 0x00000000b6800000, 0x00000000b6900000|  0%| F|  |TAMS 0x00000000b6800000, 0x00000000b6800000| Untracked 
| 873|0x00000000b6900000, 0x00000000b6900000, 0x00000000b6a00000|  0%| F|  |TAMS 0x00000000b6900000, 0x00000000b6900000| Untracked 
| 874|0x00000000b6a00000, 0x00000000b6a00000, 0x00000000b6b00000|  0%| F|  |TAMS 0x00000000b6a00000, 0x00000000b6a00000| Untracked 
| 875|0x00000000b6b00000, 0x00000000b6b00000, 0x00000000b6c00000|  0%| F|  |TAMS 0x00000000b6b00000, 0x00000000b6b00000| Untracked 
| 876|0x00000000b6c00000, 0x00000000b6c00000, 0x00000000b6d00000|  0%| F|  |TAMS 0x00000000b6c00000, 0x00000000b6c00000| Untracked 
| 877|0x00000000b6d00000, 0x00000000b6d00000, 0x00000000b6e00000|  0%| F|  |TAMS 0x00000000b6d00000, 0x00000000b6d00000| Untracked 
| 878|0x00000000b6e00000, 0x00000000b6e00000, 0x00000000b6f00000|  0%| F|  |TAMS 0x00000000b6e00000, 0x00000000b6e00000| Untracked 
| 879|0x00000000b6f00000, 0x00000000b6f00000, 0x00000000b7000000|  0%| F|  |TAMS 0x00000000b6f00000, 0x00000000b6f00000| Untracked 
| 880|0x00000000b7000000, 0x00000000b7000000, 0x00000000b7100000|  0%| F|  |TAMS 0x00000000b7000000, 0x00000000b7000000| Untracked 
| 881|0x00000000b7100000, 0x00000000b7100000, 0x00000000b7200000|  0%| F|  |TAMS 0x00000000b7100000, 0x00000000b7100000| Untracked 
| 882|0x00000000b7200000, 0x00000000b7200000, 0x00000000b7300000|  0%| F|  |TAMS 0x00000000b7200000, 0x00000000b7200000| Untracked 
| 883|0x00000000b7300000, 0x00000000b7300000, 0x00000000b7400000|  0%| F|  |TAMS 0x00000000b7300000, 0x00000000b7300000| Untracked 
| 884|0x00000000b7400000, 0x00000000b7400000, 0x00000000b7500000|  0%| F|  |TAMS 0x00000000b7400000, 0x00000000b7400000| Untracked 
| 885|0x00000000b7500000, 0x00000000b7500000, 0x00000000b7600000|  0%| F|  |TAMS 0x00000000b7500000, 0x00000000b7500000| Untracked 
| 886|0x00000000b7600000, 0x00000000b7600000, 0x00000000b7700000|  0%| F|  |TAMS 0x00000000b7600000, 0x00000000b7600000| Untracked 
| 887|0x00000000b7700000, 0x00000000b7700000, 0x00000000b7800000|  0%| F|  |TAMS 0x00000000b7700000, 0x00000000b7700000| Untracked 
| 888|0x00000000b7800000, 0x00000000b7800000, 0x00000000b7900000|  0%| F|  |TAMS 0x00000000b7800000, 0x00000000b7800000| Untracked 
| 889|0x00000000b7900000, 0x00000000b7900000, 0x00000000b7a00000|  0%| F|  |TAMS 0x00000000b7900000, 0x00000000b7900000| Untracked 
| 890|0x00000000b7a00000, 0x00000000b7a00000, 0x00000000b7b00000|  0%| F|  |TAMS 0x00000000b7a00000, 0x00000000b7a00000| Untracked 
| 891|0x00000000b7b00000, 0x00000000b7b00000, 0x00000000b7c00000|  0%| F|  |TAMS 0x00000000b7b00000, 0x00000000b7b00000| Untracked 
| 892|0x00000000b7c00000, 0x00000000b7c00000, 0x00000000b7d00000|  0%| F|  |TAMS 0x00000000b7c00000, 0x00000000b7c00000| Untracked 
| 893|0x00000000b7d00000, 0x00000000b7d00000, 0x00000000b7e00000|  0%| F|  |TAMS 0x00000000b7d00000, 0x00000000b7d00000| Untracked 
| 894|0x00000000b7e00000, 0x00000000b7e00000, 0x00000000b7f00000|  0%| F|  |TAMS 0x00000000b7e00000, 0x00000000b7e00000| Untracked 
| 895|0x00000000b7f00000, 0x00000000b7f00000, 0x00000000b8000000|  0%| F|  |TAMS 0x00000000b7f00000, 0x00000000b7f00000| Untracked 
| 896|0x00000000b8000000, 0x00000000b8000000, 0x00000000b8100000|  0%| F|  |TAMS 0x00000000b8000000, 0x00000000b8000000| Untracked 
| 897|0x00000000b8100000, 0x00000000b8100000, 0x00000000b8200000|  0%| F|  |TAMS 0x00000000b8100000, 0x00000000b8100000| Untracked 
| 898|0x00000000b8200000, 0x00000000b8200000, 0x00000000b8300000|  0%| F|  |TAMS 0x00000000b8200000, 0x00000000b8200000| Untracked 
| 899|0x00000000b8300000, 0x00000000b8300000, 0x00000000b8400000|  0%| F|  |TAMS 0x00000000b8300000, 0x00000000b8300000| Untracked 
| 900|0x00000000b8400000, 0x00000000b8400000, 0x00000000b8500000|  0%| F|  |TAMS 0x00000000b8400000, 0x00000000b8400000| Untracked 
| 901|0x00000000b8500000, 0x00000000b8500000, 0x00000000b8600000|  0%| F|  |TAMS 0x00000000b8500000, 0x00000000b8500000| Untracked 
| 902|0x00000000b8600000, 0x00000000b8600000, 0x00000000b8700000|  0%| F|  |TAMS 0x00000000b8600000, 0x00000000b8600000| Untracked 
| 903|0x00000000b8700000, 0x00000000b8700000, 0x00000000b8800000|  0%| F|  |TAMS 0x00000000b8700000, 0x00000000b8700000| Untracked 
| 904|0x00000000b8800000, 0x00000000b8800000, 0x00000000b8900000|  0%| F|  |TAMS 0x00000000b8800000, 0x00000000b8800000| Untracked 
| 905|0x00000000b8900000, 0x00000000b8900000, 0x00000000b8a00000|  0%| F|  |TAMS 0x00000000b8900000, 0x00000000b8900000| Untracked 
| 906|0x00000000b8a00000, 0x00000000b8a00000, 0x00000000b8b00000|  0%| F|  |TAMS 0x00000000b8a00000, 0x00000000b8a00000| Untracked 
| 907|0x00000000b8b00000, 0x00000000b8b00000, 0x00000000b8c00000|  0%| F|  |TAMS 0x00000000b8b00000, 0x00000000b8b00000| Untracked 
| 908|0x00000000b8c00000, 0x00000000b8c00000, 0x00000000b8d00000|  0%| F|  |TAMS 0x00000000b8c00000, 0x00000000b8c00000| Untracked 
| 909|0x00000000b8d00000, 0x00000000b8d00000, 0x00000000b8e00000|  0%| F|  |TAMS 0x00000000b8d00000, 0x00000000b8d00000| Untracked 
| 910|0x00000000b8e00000, 0x00000000b8e00000, 0x00000000b8f00000|  0%| F|  |TAMS 0x00000000b8e00000, 0x00000000b8e00000| Untracked 
| 911|0x00000000b8f00000, 0x00000000b8f00000, 0x00000000b9000000|  0%| F|  |TAMS 0x00000000b8f00000, 0x00000000b8f00000| Untracked 
| 912|0x00000000b9000000, 0x00000000b9000000, 0x00000000b9100000|  0%| F|  |TAMS 0x00000000b9000000, 0x00000000b9000000| Untracked 
| 913|0x00000000b9100000, 0x00000000b9100000, 0x00000000b9200000|  0%| F|  |TAMS 0x00000000b9100000, 0x00000000b9100000| Untracked 
| 914|0x00000000b9200000, 0x00000000b9200000, 0x00000000b9300000|  0%| F|  |TAMS 0x00000000b9200000, 0x00000000b9200000| Untracked 
| 915|0x00000000b9300000, 0x00000000b9300000, 0x00000000b9400000|  0%| F|  |TAMS 0x00000000b9300000, 0x00000000b9300000| Untracked 
| 916|0x00000000b9400000, 0x00000000b9400000, 0x00000000b9500000|  0%| F|  |TAMS 0x00000000b9400000, 0x00000000b9400000| Untracked 
| 917|0x00000000b9500000, 0x00000000b9500000, 0x00000000b9600000|  0%| F|  |TAMS 0x00000000b9500000, 0x00000000b9500000| Untracked 
| 918|0x00000000b9600000, 0x00000000b9600000, 0x00000000b9700000|  0%| F|  |TAMS 0x00000000b9600000, 0x00000000b9600000| Untracked 
| 919|0x00000000b9700000, 0x00000000b9700000, 0x00000000b9800000|  0%| F|  |TAMS 0x00000000b9700000, 0x00000000b9700000| Untracked 
| 920|0x00000000b9800000, 0x00000000b9800000, 0x00000000b9900000|  0%| F|  |TAMS 0x00000000b9800000, 0x00000000b9800000| Untracked 
| 921|0x00000000b9900000, 0x00000000b9900000, 0x00000000b9a00000|  0%| F|  |TAMS 0x00000000b9900000, 0x00000000b9900000| Untracked 
| 922|0x00000000b9a00000, 0x00000000b9a00000, 0x00000000b9b00000|  0%| F|  |TAMS 0x00000000b9a00000, 0x00000000b9a00000| Untracked 
| 923|0x00000000b9b00000, 0x00000000b9b00000, 0x00000000b9c00000|  0%| F|  |TAMS 0x00000000b9b00000, 0x00000000b9b00000| Untracked 
| 924|0x00000000b9c00000, 0x00000000b9c00000, 0x00000000b9d00000|  0%| F|  |TAMS 0x00000000b9c00000, 0x00000000b9c00000| Untracked 
| 925|0x00000000b9d00000, 0x00000000b9d00000, 0x00000000b9e00000|  0%| F|  |TAMS 0x00000000b9d00000, 0x00000000b9d00000| Untracked 
| 926|0x00000000b9e00000, 0x00000000b9e00000, 0x00000000b9f00000|  0%| F|  |TAMS 0x00000000b9e00000, 0x00000000b9e00000| Untracked 
| 927|0x00000000b9f00000, 0x00000000b9f00000, 0x00000000ba000000|  0%| F|  |TAMS 0x00000000b9f00000, 0x00000000b9f00000| Untracked 
| 928|0x00000000ba000000, 0x00000000ba000000, 0x00000000ba100000|  0%| F|  |TAMS 0x00000000ba000000, 0x00000000ba000000| Untracked 
| 929|0x00000000ba100000, 0x00000000ba100000, 0x00000000ba200000|  0%| F|  |TAMS 0x00000000ba100000, 0x00000000ba100000| Untracked 
| 930|0x00000000ba200000, 0x00000000ba200000, 0x00000000ba300000|  0%| F|  |TAMS 0x00000000ba200000, 0x00000000ba200000| Untracked 
| 931|0x00000000ba300000, 0x00000000ba300000, 0x00000000ba400000|  0%| F|  |TAMS 0x00000000ba300000, 0x00000000ba300000| Untracked 
| 932|0x00000000ba400000, 0x00000000ba400000, 0x00000000ba500000|  0%| F|  |TAMS 0x00000000ba400000, 0x00000000ba400000| Untracked 
| 933|0x00000000ba500000, 0x00000000ba500000, 0x00000000ba600000|  0%| F|  |TAMS 0x00000000ba500000, 0x00000000ba500000| Untracked 
| 934|0x00000000ba600000, 0x00000000ba600000, 0x00000000ba700000|  0%| F|  |TAMS 0x00000000ba600000, 0x00000000ba600000| Untracked 
| 935|0x00000000ba700000, 0x00000000ba700000, 0x00000000ba800000|  0%| F|  |TAMS 0x00000000ba700000, 0x00000000ba700000| Untracked 
| 936|0x00000000ba800000, 0x00000000ba800000, 0x00000000ba900000|  0%| F|  |TAMS 0x00000000ba800000, 0x00000000ba800000| Untracked 
| 937|0x00000000ba900000, 0x00000000ba900000, 0x00000000baa00000|  0%| F|  |TAMS 0x00000000ba900000, 0x00000000ba900000| Untracked 
| 938|0x00000000baa00000, 0x00000000baa00000, 0x00000000bab00000|  0%| F|  |TAMS 0x00000000baa00000, 0x00000000baa00000| Untracked 
| 939|0x00000000bab00000, 0x00000000bab00000, 0x00000000bac00000|  0%| F|  |TAMS 0x00000000bab00000, 0x00000000bab00000| Untracked 
| 940|0x00000000bac00000, 0x00000000bac00000, 0x00000000bad00000|  0%| F|  |TAMS 0x00000000bac00000, 0x00000000bac00000| Untracked 
| 941|0x00000000bad00000, 0x00000000bad00000, 0x00000000bae00000|  0%| F|  |TAMS 0x00000000bad00000, 0x00000000bad00000| Untracked 
| 942|0x00000000bae00000, 0x00000000bae00000, 0x00000000baf00000|  0%| F|  |TAMS 0x00000000bae00000, 0x00000000bae00000| Untracked 
| 943|0x00000000baf00000, 0x00000000baf00000, 0x00000000bb000000|  0%| F|  |TAMS 0x00000000baf00000, 0x00000000baf00000| Untracked 
| 944|0x00000000bb000000, 0x00000000bb000000, 0x00000000bb100000|  0%| F|  |TAMS 0x00000000bb000000, 0x00000000bb000000| Untracked 
| 945|0x00000000bb100000, 0x00000000bb100000, 0x00000000bb200000|  0%| F|  |TAMS 0x00000000bb100000, 0x00000000bb100000| Untracked 
| 946|0x00000000bb200000, 0x00000000bb200000, 0x00000000bb300000|  0%| F|  |TAMS 0x00000000bb200000, 0x00000000bb200000| Untracked 
| 947|0x00000000bb300000, 0x00000000bb300000, 0x00000000bb400000|  0%| F|  |TAMS 0x00000000bb300000, 0x00000000bb300000| Untracked 
| 948|0x00000000bb400000, 0x00000000bb400000, 0x00000000bb500000|  0%| F|  |TAMS 0x00000000bb400000, 0x00000000bb400000| Untracked 
| 949|0x00000000bb500000, 0x00000000bb500000, 0x00000000bb600000|  0%| F|  |TAMS 0x00000000bb500000, 0x00000000bb500000| Untracked 
| 950|0x00000000bb600000, 0x00000000bb600000, 0x00000000bb700000|  0%| F|  |TAMS 0x00000000bb600000, 0x00000000bb600000| Untracked 
| 951|0x00000000bb700000, 0x00000000bb700000, 0x00000000bb800000|  0%| F|  |TAMS 0x00000000bb700000, 0x00000000bb700000| Untracked 
| 952|0x00000000bb800000, 0x00000000bb800000, 0x00000000bb900000|  0%| F|  |TAMS 0x00000000bb800000, 0x00000000bb800000| Untracked 
| 953|0x00000000bb900000, 0x00000000bb900000, 0x00000000bba00000|  0%| F|  |TAMS 0x00000000bb900000, 0x00000000bb900000| Untracked 
| 954|0x00000000bba00000, 0x00000000bba00000, 0x00000000bbb00000|  0%| F|  |TAMS 0x00000000bba00000, 0x00000000bba00000| Untracked 
| 955|0x00000000bbb00000, 0x00000000bbb00000, 0x00000000bbc00000|  0%| F|  |TAMS 0x00000000bbb00000, 0x00000000bbb00000| Untracked 
| 956|0x00000000bbc00000, 0x00000000bbc00000, 0x00000000bbd00000|  0%| F|  |TAMS 0x00000000bbc00000, 0x00000000bbc00000| Untracked 
| 957|0x00000000bbd00000, 0x00000000bbd00000, 0x00000000bbe00000|  0%| F|  |TAMS 0x00000000bbd00000, 0x00000000bbd00000| Untracked 
| 958|0x00000000bbe00000, 0x00000000bbe00000, 0x00000000bbf00000|  0%| F|  |TAMS 0x00000000bbe00000, 0x00000000bbe00000| Untracked 
| 959|0x00000000bbf00000, 0x00000000bbf00000, 0x00000000bc000000|  0%| F|  |TAMS 0x00000000bbf00000, 0x00000000bbf00000| Untracked 
| 960|0x00000000bc000000, 0x00000000bc000000, 0x00000000bc100000|  0%| F|  |TAMS 0x00000000bc000000, 0x00000000bc000000| Untracked 
| 961|0x00000000bc100000, 0x00000000bc100000, 0x00000000bc200000|  0%| F|  |TAMS 0x00000000bc100000, 0x00000000bc100000| Untracked 
| 962|0x00000000bc200000, 0x00000000bc200000, 0x00000000bc300000|  0%| F|  |TAMS 0x00000000bc200000, 0x00000000bc200000| Untracked 
| 963|0x00000000bc300000, 0x00000000bc300000, 0x00000000bc400000|  0%| F|  |TAMS 0x00000000bc300000, 0x00000000bc300000| Untracked 
| 964|0x00000000bc400000, 0x00000000bc400000, 0x00000000bc500000|  0%| F|  |TAMS 0x00000000bc400000, 0x00000000bc400000| Untracked 
| 965|0x00000000bc500000, 0x00000000bc500000, 0x00000000bc600000|  0%| F|  |TAMS 0x00000000bc500000, 0x00000000bc500000| Untracked 
| 966|0x00000000bc600000, 0x00000000bc600000, 0x00000000bc700000|  0%| F|  |TAMS 0x00000000bc600000, 0x00000000bc600000| Untracked 
| 967|0x00000000bc700000, 0x00000000bc700000, 0x00000000bc800000|  0%| F|  |TAMS 0x00000000bc700000, 0x00000000bc700000| Untracked 
| 968|0x00000000bc800000, 0x00000000bc800000, 0x00000000bc900000|  0%| F|  |TAMS 0x00000000bc800000, 0x00000000bc800000| Untracked 
| 969|0x00000000bc900000, 0x00000000bc900000, 0x00000000bca00000|  0%| F|  |TAMS 0x00000000bc900000, 0x00000000bc900000| Untracked 
| 970|0x00000000bca00000, 0x00000000bca00000, 0x00000000bcb00000|  0%| F|  |TAMS 0x00000000bca00000, 0x00000000bca00000| Untracked 
| 971|0x00000000bcb00000, 0x00000000bcb00000, 0x00000000bcc00000|  0%| F|  |TAMS 0x00000000bcb00000, 0x00000000bcb00000| Untracked 
| 972|0x00000000bcc00000, 0x00000000bcc00000, 0x00000000bcd00000|  0%| F|  |TAMS 0x00000000bcc00000, 0x00000000bcc00000| Untracked 
| 973|0x00000000bcd00000, 0x00000000bcd00000, 0x00000000bce00000|  0%| F|  |TAMS 0x00000000bcd00000, 0x00000000bcd00000| Untracked 
| 974|0x00000000bce00000, 0x00000000bce00000, 0x00000000bcf00000|  0%| F|  |TAMS 0x00000000bce00000, 0x00000000bce00000| Untracked 
| 975|0x00000000bcf00000, 0x00000000bcf00000, 0x00000000bd000000|  0%| F|  |TAMS 0x00000000bcf00000, 0x00000000bcf00000| Untracked 
| 976|0x00000000bd000000, 0x00000000bd000000, 0x00000000bd100000|  0%| F|  |TAMS 0x00000000bd000000, 0x00000000bd000000| Untracked 
| 977|0x00000000bd100000, 0x00000000bd100000, 0x00000000bd200000|  0%| F|  |TAMS 0x00000000bd100000, 0x00000000bd100000| Untracked 
| 978|0x00000000bd200000, 0x00000000bd200000, 0x00000000bd300000|  0%| F|  |TAMS 0x00000000bd200000, 0x00000000bd200000| Untracked 
| 979|0x00000000bd300000, 0x00000000bd300000, 0x00000000bd400000|  0%| F|  |TAMS 0x00000000bd300000, 0x00000000bd300000| Untracked 
| 980|0x00000000bd400000, 0x00000000bd400000, 0x00000000bd500000|  0%| F|  |TAMS 0x00000000bd400000, 0x00000000bd400000| Untracked 
| 981|0x00000000bd500000, 0x00000000bd500000, 0x00000000bd600000|  0%| F|  |TAMS 0x00000000bd500000, 0x00000000bd500000| Untracked 
| 982|0x00000000bd600000, 0x00000000bd600000, 0x00000000bd700000|  0%| F|  |TAMS 0x00000000bd600000, 0x00000000bd600000| Untracked 
| 983|0x00000000bd700000, 0x00000000bd700000, 0x00000000bd800000|  0%| F|  |TAMS 0x00000000bd700000, 0x00000000bd700000| Untracked 
| 984|0x00000000bd800000, 0x00000000bd800000, 0x00000000bd900000|  0%| F|  |TAMS 0x00000000bd800000, 0x00000000bd800000| Untracked 
| 985|0x00000000bd900000, 0x00000000bd900000, 0x00000000bda00000|  0%| F|  |TAMS 0x00000000bd900000, 0x00000000bd900000| Untracked 
| 986|0x00000000bda00000, 0x00000000bda00000, 0x00000000bdb00000|  0%| F|  |TAMS 0x00000000bda00000, 0x00000000bda00000| Untracked 
| 987|0x00000000bdb00000, 0x00000000bdb00000, 0x00000000bdc00000|  0%| F|  |TAMS 0x00000000bdb00000, 0x00000000bdb00000| Untracked 
| 988|0x00000000bdc00000, 0x00000000bdc00000, 0x00000000bdd00000|  0%| F|  |TAMS 0x00000000bdc00000, 0x00000000bdc00000| Untracked 
| 989|0x00000000bdd00000, 0x00000000bdd00000, 0x00000000bde00000|  0%| F|  |TAMS 0x00000000bdd00000, 0x00000000bdd00000| Untracked 
| 990|0x00000000bde00000, 0x00000000bde00000, 0x00000000bdf00000|  0%| F|  |TAMS 0x00000000bde00000, 0x00000000bde00000| Untracked 
| 991|0x00000000bdf00000, 0x00000000bdf00000, 0x00000000be000000|  0%| F|  |TAMS 0x00000000bdf00000, 0x00000000bdf00000| Untracked 
| 992|0x00000000be000000, 0x00000000be000000, 0x00000000be100000|  0%| F|  |TAMS 0x00000000be000000, 0x00000000be000000| Untracked 
| 993|0x00000000be100000, 0x00000000be100000, 0x00000000be200000|  0%| F|  |TAMS 0x00000000be100000, 0x00000000be100000| Untracked 
| 994|0x00000000be200000, 0x00000000be200000, 0x00000000be300000|  0%| F|  |TAMS 0x00000000be200000, 0x00000000be200000| Untracked 
| 995|0x00000000be300000, 0x00000000be300000, 0x00000000be400000|  0%| F|  |TAMS 0x00000000be300000, 0x00000000be300000| Untracked 
| 996|0x00000000be400000, 0x00000000be400000, 0x00000000be500000|  0%| F|  |TAMS 0x00000000be400000, 0x00000000be400000| Untracked 
| 997|0x00000000be500000, 0x00000000be500000, 0x00000000be600000|  0%| F|  |TAMS 0x00000000be500000, 0x00000000be500000| Untracked 
| 998|0x00000000be600000, 0x00000000be600000, 0x00000000be700000|  0%| F|  |TAMS 0x00000000be600000, 0x00000000be600000| Untracked 
| 999|0x00000000be700000, 0x00000000be700000, 0x00000000be800000|  0%| F|  |TAMS 0x00000000be700000, 0x00000000be700000| Untracked 
|1000|0x00000000be800000, 0x00000000be800000, 0x00000000be900000|  0%| F|  |TAMS 0x00000000be800000, 0x00000000be800000| Untracked 
|1001|0x00000000be900000, 0x00000000be900000, 0x00000000bea00000|  0%| F|  |TAMS 0x00000000be900000, 0x00000000be900000| Untracked 
|1002|0x00000000bea00000, 0x00000000bea00000, 0x00000000beb00000|  0%| F|  |TAMS 0x00000000bea00000, 0x00000000bea00000| Untracked 
|1003|0x00000000beb00000, 0x00000000beb00000, 0x00000000bec00000|  0%| F|  |TAMS 0x00000000beb00000, 0x00000000beb00000| Untracked 
|1004|0x00000000bec00000, 0x00000000bec00000, 0x00000000bed00000|  0%| F|  |TAMS 0x00000000bec00000, 0x00000000bec00000| Untracked 
|1005|0x00000000bed00000, 0x00000000bed00000, 0x00000000bee00000|  0%| F|  |TAMS 0x00000000bed00000, 0x00000000bed00000| Untracked 
|1006|0x00000000bee00000, 0x00000000bee00000, 0x00000000bef00000|  0%| F|  |TAMS 0x00000000bee00000, 0x00000000bee00000| Untracked 
|1007|0x00000000bef00000, 0x00000000bef00000, 0x00000000bf000000|  0%| F|  |TAMS 0x00000000bef00000, 0x00000000bef00000| Untracked 
|1008|0x00000000bf000000, 0x00000000bf000000, 0x00000000bf100000|  0%| F|  |TAMS 0x00000000bf000000, 0x00000000bf000000| Untracked 
|1009|0x00000000bf100000, 0x00000000bf100000, 0x00000000bf200000|  0%| F|  |TAMS 0x00000000bf100000, 0x00000000bf100000| Untracked 
|1010|0x00000000bf200000, 0x00000000bf200000, 0x00000000bf300000|  0%| F|  |TAMS 0x00000000bf200000, 0x00000000bf200000| Untracked 
|1011|0x00000000bf300000, 0x00000000bf300000, 0x00000000bf400000|  0%| F|  |TAMS 0x00000000bf300000, 0x00000000bf300000| Untracked 
|1012|0x00000000bf400000, 0x00000000bf400000, 0x00000000bf500000|  0%| F|  |TAMS 0x00000000bf400000, 0x00000000bf400000| Untracked 
|1013|0x00000000bf500000, 0x00000000bf500000, 0x00000000bf600000|  0%| F|  |TAMS 0x00000000bf500000, 0x00000000bf500000| Untracked 
|1014|0x00000000bf600000, 0x00000000bf600000, 0x00000000bf700000|  0%| F|  |TAMS 0x00000000bf600000, 0x00000000bf600000| Untracked 
|1015|0x00000000bf700000, 0x00000000bf700000, 0x00000000bf800000|  0%| F|  |TAMS 0x00000000bf700000, 0x00000000bf700000| Untracked 
|1016|0x00000000bf800000, 0x00000000bf800000, 0x00000000bf900000|  0%| F|  |TAMS 0x00000000bf800000, 0x00000000bf800000| Untracked 
|1017|0x00000000bf900000, 0x00000000bf900000, 0x00000000bfa00000|  0%| F|  |TAMS 0x00000000bf900000, 0x00000000bf900000| Untracked 
|1018|0x00000000bfa00000, 0x00000000bfa00000, 0x00000000bfb00000|  0%| F|  |TAMS 0x00000000bfa00000, 0x00000000bfa00000| Untracked 
|1019|0x00000000bfb00000, 0x00000000bfb00000, 0x00000000bfc00000|  0%| F|  |TAMS 0x00000000bfb00000, 0x00000000bfb00000| Untracked 
|1020|0x00000000bfc00000, 0x00000000bfc00000, 0x00000000bfd00000|  0%| F|  |TAMS 0x00000000bfc00000, 0x00000000bfc00000| Untracked 
|1021|0x00000000bfd00000, 0x00000000bfd00000, 0x00000000bfe00000|  0%| F|  |TAMS 0x00000000bfd00000, 0x00000000bfd00000| Untracked 
|1022|0x00000000bfe00000, 0x00000000bfe00000, 0x00000000bff00000|  0%| F|  |TAMS 0x00000000bfe00000, 0x00000000bfe00000| Untracked 
|1023|0x00000000bff00000, 0x00000000bff00000, 0x00000000c0000000|  0%| F|  |TAMS 0x00000000bff00000, 0x00000000bff00000| Untracked 
|1024|0x00000000c0000000, 0x00000000c0000000, 0x00000000c0100000|  0%| F|  |TAMS 0x00000000c0000000, 0x00000000c0000000| Untracked 
|1025|0x00000000c0100000, 0x00000000c0100000, 0x00000000c0200000|  0%| F|  |TAMS 0x00000000c0100000, 0x00000000c0100000| Untracked 
|1026|0x00000000c0200000, 0x00000000c0200000, 0x00000000c0300000|  0%| F|  |TAMS 0x00000000c0200000, 0x00000000c0200000| Untracked 
|1027|0x00000000c0300000, 0x00000000c0300000, 0x00000000c0400000|  0%| F|  |TAMS 0x00000000c0300000, 0x00000000c0300000| Untracked 
|1028|0x00000000c0400000, 0x00000000c0400000, 0x00000000c0500000|  0%| F|  |TAMS 0x00000000c0400000, 0x00000000c0400000| Untracked 
|1029|0x00000000c0500000, 0x00000000c0500000, 0x00000000c0600000|  0%| F|  |TAMS 0x00000000c0500000, 0x00000000c0500000| Untracked 
|1030|0x00000000c0600000, 0x00000000c0600000, 0x00000000c0700000|  0%| F|  |TAMS 0x00000000c0600000, 0x00000000c0600000| Untracked 
|1031|0x00000000c0700000, 0x00000000c0700000, 0x00000000c0800000|  0%| F|  |TAMS 0x00000000c0700000, 0x00000000c0700000| Untracked 
|1032|0x00000000c0800000, 0x00000000c0800000, 0x00000000c0900000|  0%| F|  |TAMS 0x00000000c0800000, 0x00000000c0800000| Untracked 
|1033|0x00000000c0900000, 0x00000000c0900000, 0x00000000c0a00000|  0%| F|  |TAMS 0x00000000c0900000, 0x00000000c0900000| Untracked 
|1034|0x00000000c0a00000, 0x00000000c0a00000, 0x00000000c0b00000|  0%| F|  |TAMS 0x00000000c0a00000, 0x00000000c0a00000| Untracked 
|1035|0x00000000c0b00000, 0x00000000c0b00000, 0x00000000c0c00000|  0%| F|  |TAMS 0x00000000c0b00000, 0x00000000c0b00000| Untracked 
|1036|0x00000000c0c00000, 0x00000000c0c00000, 0x00000000c0d00000|  0%| F|  |TAMS 0x00000000c0c00000, 0x00000000c0c00000| Untracked 
|1037|0x00000000c0d00000, 0x00000000c0d00000, 0x00000000c0e00000|  0%| F|  |TAMS 0x00000000c0d00000, 0x00000000c0d00000| Untracked 
|1038|0x00000000c0e00000, 0x00000000c0e00000, 0x00000000c0f00000|  0%| F|  |TAMS 0x00000000c0e00000, 0x00000000c0e00000| Untracked 
|1039|0x00000000c0f00000, 0x00000000c0f00000, 0x00000000c1000000|  0%| F|  |TAMS 0x00000000c0f00000, 0x00000000c0f00000| Untracked 
|1040|0x00000000c1000000, 0x00000000c1000000, 0x00000000c1100000|  0%| F|  |TAMS 0x00000000c1000000, 0x00000000c1000000| Untracked 
|1041|0x00000000c1100000, 0x00000000c1100000, 0x00000000c1200000|  0%| F|  |TAMS 0x00000000c1100000, 0x00000000c1100000| Untracked 
|1042|0x00000000c1200000, 0x00000000c1200000, 0x00000000c1300000|  0%| F|  |TAMS 0x00000000c1200000, 0x00000000c1200000| Untracked 
|1043|0x00000000c1300000, 0x00000000c1300000, 0x00000000c1400000|  0%| F|  |TAMS 0x00000000c1300000, 0x00000000c1300000| Untracked 
|1044|0x00000000c1400000, 0x00000000c1400000, 0x00000000c1500000|  0%| F|  |TAMS 0x00000000c1400000, 0x00000000c1400000| Untracked 
|1045|0x00000000c1500000, 0x00000000c1500000, 0x00000000c1600000|  0%| F|  |TAMS 0x00000000c1500000, 0x00000000c1500000| Untracked 
|1046|0x00000000c1600000, 0x00000000c1600000, 0x00000000c1700000|  0%| F|  |TAMS 0x00000000c1600000, 0x00000000c1600000| Untracked 
|1047|0x00000000c1700000, 0x00000000c1700000, 0x00000000c1800000|  0%| F|  |TAMS 0x00000000c1700000, 0x00000000c1700000| Untracked 
|1048|0x00000000c1800000, 0x00000000c1800000, 0x00000000c1900000|  0%| F|  |TAMS 0x00000000c1800000, 0x00000000c1800000| Untracked 
|1049|0x00000000c1900000, 0x00000000c1900000, 0x00000000c1a00000|  0%| F|  |TAMS 0x00000000c1900000, 0x00000000c1900000| Untracked 
|1050|0x00000000c1a00000, 0x00000000c1a00000, 0x00000000c1b00000|  0%| F|  |TAMS 0x00000000c1a00000, 0x00000000c1a00000| Untracked 
|1051|0x00000000c1b00000, 0x00000000c1b00000, 0x00000000c1c00000|  0%| F|  |TAMS 0x00000000c1b00000, 0x00000000c1b00000| Untracked 
|1052|0x00000000c1c00000, 0x00000000c1c00000, 0x00000000c1d00000|  0%| F|  |TAMS 0x00000000c1c00000, 0x00000000c1c00000| Untracked 
|1053|0x00000000c1d00000, 0x00000000c1d00000, 0x00000000c1e00000|  0%| F|  |TAMS 0x00000000c1d00000, 0x00000000c1d00000| Untracked 
|1054|0x00000000c1e00000, 0x00000000c1e00000, 0x00000000c1f00000|  0%| F|  |TAMS 0x00000000c1e00000, 0x00000000c1e00000| Untracked 
|1055|0x00000000c1f00000, 0x00000000c1f00000, 0x00000000c2000000|  0%| F|  |TAMS 0x00000000c1f00000, 0x00000000c1f00000| Untracked 
|1056|0x00000000c2000000, 0x00000000c2000000, 0x00000000c2100000|  0%| F|  |TAMS 0x00000000c2000000, 0x00000000c2000000| Untracked 
|1057|0x00000000c2100000, 0x00000000c2100000, 0x00000000c2200000|  0%| F|  |TAMS 0x00000000c2100000, 0x00000000c2100000| Untracked 
|1058|0x00000000c2200000, 0x00000000c2200000, 0x00000000c2300000|  0%| F|  |TAMS 0x00000000c2200000, 0x00000000c2200000| Untracked 
|1059|0x00000000c2300000, 0x00000000c2300000, 0x00000000c2400000|  0%| F|  |TAMS 0x00000000c2300000, 0x00000000c2300000| Untracked 
|1060|0x00000000c2400000, 0x00000000c2400000, 0x00000000c2500000|  0%| F|  |TAMS 0x00000000c2400000, 0x00000000c2400000| Untracked 
|1061|0x00000000c2500000, 0x00000000c2500000, 0x00000000c2600000|  0%| F|  |TAMS 0x00000000c2500000, 0x00000000c2500000| Untracked 
|1062|0x00000000c2600000, 0x00000000c2600000, 0x00000000c2700000|  0%| F|  |TAMS 0x00000000c2600000, 0x00000000c2600000| Untracked 
|1063|0x00000000c2700000, 0x00000000c2700000, 0x00000000c2800000|  0%| F|  |TAMS 0x00000000c2700000, 0x00000000c2700000| Untracked 
|1064|0x00000000c2800000, 0x00000000c2800000, 0x00000000c2900000|  0%| F|  |TAMS 0x00000000c2800000, 0x00000000c2800000| Untracked 
|1065|0x00000000c2900000, 0x00000000c2900000, 0x00000000c2a00000|  0%| F|  |TAMS 0x00000000c2900000, 0x00000000c2900000| Untracked 
|1066|0x00000000c2a00000, 0x00000000c2a00000, 0x00000000c2b00000|  0%| F|  |TAMS 0x00000000c2a00000, 0x00000000c2a00000| Untracked 
|1067|0x00000000c2b00000, 0x00000000c2b00000, 0x00000000c2c00000|  0%| F|  |TAMS 0x00000000c2b00000, 0x00000000c2b00000| Untracked 
|1068|0x00000000c2c00000, 0x00000000c2c00000, 0x00000000c2d00000|  0%| F|  |TAMS 0x00000000c2c00000, 0x00000000c2c00000| Untracked 
|1069|0x00000000c2d00000, 0x00000000c2d00000, 0x00000000c2e00000|  0%| F|  |TAMS 0x00000000c2d00000, 0x00000000c2d00000| Untracked 
|1070|0x00000000c2e00000, 0x00000000c2e00000, 0x00000000c2f00000|  0%| F|  |TAMS 0x00000000c2e00000, 0x00000000c2e00000| Untracked 
|1071|0x00000000c2f00000, 0x00000000c2f00000, 0x00000000c3000000|  0%| F|  |TAMS 0x00000000c2f00000, 0x00000000c2f00000| Untracked 
|1072|0x00000000c3000000, 0x00000000c3000000, 0x00000000c3100000|  0%| F|  |TAMS 0x00000000c3000000, 0x00000000c3000000| Untracked 
|1073|0x00000000c3100000, 0x00000000c3100000, 0x00000000c3200000|  0%| F|  |TAMS 0x00000000c3100000, 0x00000000c3100000| Untracked 
|1074|0x00000000c3200000, 0x00000000c3200000, 0x00000000c3300000|  0%| F|  |TAMS 0x00000000c3200000, 0x00000000c3200000| Untracked 
|1075|0x00000000c3300000, 0x00000000c3300000, 0x00000000c3400000|  0%| F|  |TAMS 0x00000000c3300000, 0x00000000c3300000| Untracked 
|1076|0x00000000c3400000, 0x00000000c3400000, 0x00000000c3500000|  0%| F|  |TAMS 0x00000000c3400000, 0x00000000c3400000| Untracked 
|1077|0x00000000c3500000, 0x00000000c3500000, 0x00000000c3600000|  0%| F|  |TAMS 0x00000000c3500000, 0x00000000c3500000| Untracked 
|1078|0x00000000c3600000, 0x00000000c3600000, 0x00000000c3700000|  0%| F|  |TAMS 0x00000000c3600000, 0x00000000c3600000| Untracked 
|1079|0x00000000c3700000, 0x00000000c3700000, 0x00000000c3800000|  0%| F|  |TAMS 0x00000000c3700000, 0x00000000c3700000| Untracked 
|1080|0x00000000c3800000, 0x00000000c3800000, 0x00000000c3900000|  0%| F|  |TAMS 0x00000000c3800000, 0x00000000c3800000| Untracked 
|1081|0x00000000c3900000, 0x00000000c3900000, 0x00000000c3a00000|  0%| F|  |TAMS 0x00000000c3900000, 0x00000000c3900000| Untracked 
|1082|0x00000000c3a00000, 0x00000000c3a00000, 0x00000000c3b00000|  0%| F|  |TAMS 0x00000000c3a00000, 0x00000000c3a00000| Untracked 
|1083|0x00000000c3b00000, 0x00000000c3b00000, 0x00000000c3c00000|  0%| F|  |TAMS 0x00000000c3b00000, 0x00000000c3b00000| Untracked 
|1084|0x00000000c3c00000, 0x00000000c3c00000, 0x00000000c3d00000|  0%| F|  |TAMS 0x00000000c3c00000, 0x00000000c3c00000| Untracked 
|1085|0x00000000c3d00000, 0x00000000c3d00000, 0x00000000c3e00000|  0%| F|  |TAMS 0x00000000c3d00000, 0x00000000c3d00000| Untracked 
|1086|0x00000000c3e00000, 0x00000000c3e00000, 0x00000000c3f00000|  0%| F|  |TAMS 0x00000000c3e00000, 0x00000000c3e00000| Untracked 
|1087|0x00000000c3f00000, 0x00000000c3f00000, 0x00000000c4000000|  0%| F|  |TAMS 0x00000000c3f00000, 0x00000000c3f00000| Untracked 
|1088|0x00000000c4000000, 0x00000000c4000000, 0x00000000c4100000|  0%| F|  |TAMS 0x00000000c4000000, 0x00000000c4000000| Untracked 
|1089|0x00000000c4100000, 0x00000000c4100000, 0x00000000c4200000|  0%| F|  |TAMS 0x00000000c4100000, 0x00000000c4100000| Untracked 
|1090|0x00000000c4200000, 0x00000000c4200000, 0x00000000c4300000|  0%| F|  |TAMS 0x00000000c4200000, 0x00000000c4200000| Untracked 
|1091|0x00000000c4300000, 0x00000000c4300000, 0x00000000c4400000|  0%| F|  |TAMS 0x00000000c4300000, 0x00000000c4300000| Untracked 
|1092|0x00000000c4400000, 0x00000000c4400000, 0x00000000c4500000|  0%| F|  |TAMS 0x00000000c4400000, 0x00000000c4400000| Untracked 
|1093|0x00000000c4500000, 0x00000000c4500000, 0x00000000c4600000|  0%| F|  |TAMS 0x00000000c4500000, 0x00000000c4500000| Untracked 
|1094|0x00000000c4600000, 0x00000000c4600000, 0x00000000c4700000|  0%| F|  |TAMS 0x00000000c4600000, 0x00000000c4600000| Untracked 
|1095|0x00000000c4700000, 0x00000000c4700000, 0x00000000c4800000|  0%| F|  |TAMS 0x00000000c4700000, 0x00000000c4700000| Untracked 
|1096|0x00000000c4800000, 0x00000000c4800000, 0x00000000c4900000|  0%| F|  |TAMS 0x00000000c4800000, 0x00000000c4800000| Untracked 
|1097|0x00000000c4900000, 0x00000000c4900000, 0x00000000c4a00000|  0%| F|  |TAMS 0x00000000c4900000, 0x00000000c4900000| Untracked 
|1098|0x00000000c4a00000, 0x00000000c4a00000, 0x00000000c4b00000|  0%| F|  |TAMS 0x00000000c4a00000, 0x00000000c4a00000| Untracked 
|1099|0x00000000c4b00000, 0x00000000c4b00000, 0x00000000c4c00000|  0%| F|  |TAMS 0x00000000c4b00000, 0x00000000c4b00000| Untracked 
|1100|0x00000000c4c00000, 0x00000000c4c00000, 0x00000000c4d00000|  0%| F|  |TAMS 0x00000000c4c00000, 0x00000000c4c00000| Untracked 
|1101|0x00000000c4d00000, 0x00000000c4d00000, 0x00000000c4e00000|  0%| F|  |TAMS 0x00000000c4d00000, 0x00000000c4d00000| Untracked 
|1102|0x00000000c4e00000, 0x00000000c4e00000, 0x00000000c4f00000|  0%| F|  |TAMS 0x00000000c4e00000, 0x00000000c4e00000| Untracked 
|1103|0x00000000c4f00000, 0x00000000c4f00000, 0x00000000c5000000|  0%| F|  |TAMS 0x00000000c4f00000, 0x00000000c4f00000| Untracked 
|1104|0x00000000c5000000, 0x00000000c5000000, 0x00000000c5100000|  0%| F|  |TAMS 0x00000000c5000000, 0x00000000c5000000| Untracked 
|1105|0x00000000c5100000, 0x00000000c5100000, 0x00000000c5200000|  0%| F|  |TAMS 0x00000000c5100000, 0x00000000c5100000| Untracked 
|1106|0x00000000c5200000, 0x00000000c5200000, 0x00000000c5300000|  0%| F|  |TAMS 0x00000000c5200000, 0x00000000c5200000| Untracked 
|1107|0x00000000c5300000, 0x00000000c5300000, 0x00000000c5400000|  0%| F|  |TAMS 0x00000000c5300000, 0x00000000c5300000| Untracked 
|1108|0x00000000c5400000, 0x00000000c5400000, 0x00000000c5500000|  0%| F|  |TAMS 0x00000000c5400000, 0x00000000c5400000| Untracked 
|1109|0x00000000c5500000, 0x00000000c5500000, 0x00000000c5600000|  0%| F|  |TAMS 0x00000000c5500000, 0x00000000c5500000| Untracked 
|1110|0x00000000c5600000, 0x00000000c5600000, 0x00000000c5700000|  0%| F|  |TAMS 0x00000000c5600000, 0x00000000c5600000| Untracked 
|1111|0x00000000c5700000, 0x00000000c5700000, 0x00000000c5800000|  0%| F|  |TAMS 0x00000000c5700000, 0x00000000c5700000| Untracked 
|1112|0x00000000c5800000, 0x00000000c5800000, 0x00000000c5900000|  0%| F|  |TAMS 0x00000000c5800000, 0x00000000c5800000| Untracked 
|1113|0x00000000c5900000, 0x00000000c5900000, 0x00000000c5a00000|  0%| F|  |TAMS 0x00000000c5900000, 0x00000000c5900000| Untracked 
|1114|0x00000000c5a00000, 0x00000000c5a00000, 0x00000000c5b00000|  0%| F|  |TAMS 0x00000000c5a00000, 0x00000000c5a00000| Untracked 
|1115|0x00000000c5b00000, 0x00000000c5b00000, 0x00000000c5c00000|  0%| F|  |TAMS 0x00000000c5b00000, 0x00000000c5b00000| Untracked 
|1116|0x00000000c5c00000, 0x00000000c5c00000, 0x00000000c5d00000|  0%| F|  |TAMS 0x00000000c5c00000, 0x00000000c5c00000| Untracked 
|1117|0x00000000c5d00000, 0x00000000c5d00000, 0x00000000c5e00000|  0%| F|  |TAMS 0x00000000c5d00000, 0x00000000c5d00000| Untracked 
|1118|0x00000000c5e00000, 0x00000000c5e00000, 0x00000000c5f00000|  0%| F|  |TAMS 0x00000000c5e00000, 0x00000000c5e00000| Untracked 
|1119|0x00000000c5f00000, 0x00000000c5f00000, 0x00000000c6000000|  0%| F|  |TAMS 0x00000000c5f00000, 0x00000000c5f00000| Untracked 
|1120|0x00000000c6000000, 0x00000000c6000000, 0x00000000c6100000|  0%| F|  |TAMS 0x00000000c6000000, 0x00000000c6000000| Untracked 
|1121|0x00000000c6100000, 0x00000000c6100000, 0x00000000c6200000|  0%| F|  |TAMS 0x00000000c6100000, 0x00000000c6100000| Untracked 
|1122|0x00000000c6200000, 0x00000000c6200000, 0x00000000c6300000|  0%| F|  |TAMS 0x00000000c6200000, 0x00000000c6200000| Untracked 
|1123|0x00000000c6300000, 0x00000000c6300000, 0x00000000c6400000|  0%| F|  |TAMS 0x00000000c6300000, 0x00000000c6300000| Untracked 
|1124|0x00000000c6400000, 0x00000000c6400000, 0x00000000c6500000|  0%| F|  |TAMS 0x00000000c6400000, 0x00000000c6400000| Untracked 
|1125|0x00000000c6500000, 0x00000000c6500000, 0x00000000c6600000|  0%| F|  |TAMS 0x00000000c6500000, 0x00000000c6500000| Untracked 
|1126|0x00000000c6600000, 0x00000000c6600000, 0x00000000c6700000|  0%| F|  |TAMS 0x00000000c6600000, 0x00000000c6600000| Untracked 
|1127|0x00000000c6700000, 0x00000000c6700000, 0x00000000c6800000|  0%| F|  |TAMS 0x00000000c6700000, 0x00000000c6700000| Untracked 
|1128|0x00000000c6800000, 0x00000000c6800000, 0x00000000c6900000|  0%| F|  |TAMS 0x00000000c6800000, 0x00000000c6800000| Untracked 
|1129|0x00000000c6900000, 0x00000000c6900000, 0x00000000c6a00000|  0%| F|  |TAMS 0x00000000c6900000, 0x00000000c6900000| Untracked 
|1130|0x00000000c6a00000, 0x00000000c6a00000, 0x00000000c6b00000|  0%| F|  |TAMS 0x00000000c6a00000, 0x00000000c6a00000| Untracked 
|1131|0x00000000c6b00000, 0x00000000c6b00000, 0x00000000c6c00000|  0%| F|  |TAMS 0x00000000c6b00000, 0x00000000c6b00000| Untracked 
|1132|0x00000000c6c00000, 0x00000000c6c00000, 0x00000000c6d00000|  0%| F|  |TAMS 0x00000000c6c00000, 0x00000000c6c00000| Untracked 
|1133|0x00000000c6d00000, 0x00000000c6d00000, 0x00000000c6e00000|  0%| F|  |TAMS 0x00000000c6d00000, 0x00000000c6d00000| Untracked 
|1134|0x00000000c6e00000, 0x00000000c6e00000, 0x00000000c6f00000|  0%| F|  |TAMS 0x00000000c6e00000, 0x00000000c6e00000| Untracked 
|1135|0x00000000c6f00000, 0x00000000c6f00000, 0x00000000c7000000|  0%| F|  |TAMS 0x00000000c6f00000, 0x00000000c6f00000| Untracked 
|1136|0x00000000c7000000, 0x00000000c7000000, 0x00000000c7100000|  0%| F|  |TAMS 0x00000000c7000000, 0x00000000c7000000| Untracked 
|1137|0x00000000c7100000, 0x00000000c7100000, 0x00000000c7200000|  0%| F|  |TAMS 0x00000000c7100000, 0x00000000c7100000| Untracked 
|1138|0x00000000c7200000, 0x00000000c7200000, 0x00000000c7300000|  0%| F|  |TAMS 0x00000000c7200000, 0x00000000c7200000| Untracked 
|1139|0x00000000c7300000, 0x00000000c7300000, 0x00000000c7400000|  0%| F|  |TAMS 0x00000000c7300000, 0x00000000c7300000| Untracked 
|1140|0x00000000c7400000, 0x00000000c7400000, 0x00000000c7500000|  0%| F|  |TAMS 0x00000000c7400000, 0x00000000c7400000| Untracked 
|1141|0x00000000c7500000, 0x00000000c7500000, 0x00000000c7600000|  0%| F|  |TAMS 0x00000000c7500000, 0x00000000c7500000| Untracked 
|1142|0x00000000c7600000, 0x00000000c7600000, 0x00000000c7700000|  0%| F|  |TAMS 0x00000000c7600000, 0x00000000c7600000| Untracked 
|1143|0x00000000c7700000, 0x00000000c7700000, 0x00000000c7800000|  0%| F|  |TAMS 0x00000000c7700000, 0x00000000c7700000| Untracked 
|1144|0x00000000c7800000, 0x00000000c7800000, 0x00000000c7900000|  0%| F|  |TAMS 0x00000000c7800000, 0x00000000c7800000| Untracked 
|1145|0x00000000c7900000, 0x00000000c7900000, 0x00000000c7a00000|  0%| F|  |TAMS 0x00000000c7900000, 0x00000000c7900000| Untracked 
|1146|0x00000000c7a00000, 0x00000000c7a00000, 0x00000000c7b00000|  0%| F|  |TAMS 0x00000000c7a00000, 0x00000000c7a00000| Untracked 
|1147|0x00000000c7b00000, 0x00000000c7b00000, 0x00000000c7c00000|  0%| F|  |TAMS 0x00000000c7b00000, 0x00000000c7b00000| Untracked 
|1148|0x00000000c7c00000, 0x00000000c7c00000, 0x00000000c7d00000|  0%| F|  |TAMS 0x00000000c7c00000, 0x00000000c7c00000| Untracked 
|1149|0x00000000c7d00000, 0x00000000c7d00000, 0x00000000c7e00000|  0%| F|  |TAMS 0x00000000c7d00000, 0x00000000c7d00000| Untracked 
|1150|0x00000000c7e00000, 0x00000000c7e00000, 0x00000000c7f00000|  0%| F|  |TAMS 0x00000000c7e00000, 0x00000000c7e00000| Untracked 
|1151|0x00000000c7f00000, 0x00000000c7f00000, 0x00000000c8000000|  0%| F|  |TAMS 0x00000000c7f00000, 0x00000000c7f00000| Untracked 
|1152|0x00000000c8000000, 0x00000000c8000000, 0x00000000c8100000|  0%| F|  |TAMS 0x00000000c8000000, 0x00000000c8000000| Untracked 
|1153|0x00000000c8100000, 0x00000000c8100000, 0x00000000c8200000|  0%| F|  |TAMS 0x00000000c8100000, 0x00000000c8100000| Untracked 
|1154|0x00000000c8200000, 0x00000000c8200000, 0x00000000c8300000|  0%| F|  |TAMS 0x00000000c8200000, 0x00000000c8200000| Untracked 
|1155|0x00000000c8300000, 0x00000000c8300000, 0x00000000c8400000|  0%| F|  |TAMS 0x00000000c8300000, 0x00000000c8300000| Untracked 
|1156|0x00000000c8400000, 0x00000000c8400000, 0x00000000c8500000|  0%| F|  |TAMS 0x00000000c8400000, 0x00000000c8400000| Untracked 
|1157|0x00000000c8500000, 0x00000000c8500000, 0x00000000c8600000|  0%| F|  |TAMS 0x00000000c8500000, 0x00000000c8500000| Untracked 
|1158|0x00000000c8600000, 0x00000000c8600000, 0x00000000c8700000|  0%| F|  |TAMS 0x00000000c8600000, 0x00000000c8600000| Untracked 
|1159|0x00000000c8700000, 0x00000000c8700000, 0x00000000c8800000|  0%| F|  |TAMS 0x00000000c8700000, 0x00000000c8700000| Untracked 
|1160|0x00000000c8800000, 0x00000000c8800000, 0x00000000c8900000|  0%| F|  |TAMS 0x00000000c8800000, 0x00000000c8800000| Untracked 
|1161|0x00000000c8900000, 0x00000000c8900000, 0x00000000c8a00000|  0%| F|  |TAMS 0x00000000c8900000, 0x00000000c8900000| Untracked 
|1162|0x00000000c8a00000, 0x00000000c8a00000, 0x00000000c8b00000|  0%| F|  |TAMS 0x00000000c8a00000, 0x00000000c8a00000| Untracked 
|1163|0x00000000c8b00000, 0x00000000c8b00000, 0x00000000c8c00000|  0%| F|  |TAMS 0x00000000c8b00000, 0x00000000c8b00000| Untracked 
|1164|0x00000000c8c00000, 0x00000000c8c00000, 0x00000000c8d00000|  0%| F|  |TAMS 0x00000000c8c00000, 0x00000000c8c00000| Untracked 
|1165|0x00000000c8d00000, 0x00000000c8d00000, 0x00000000c8e00000|  0%| F|  |TAMS 0x00000000c8d00000, 0x00000000c8d00000| Untracked 
|1166|0x00000000c8e00000, 0x00000000c8e00000, 0x00000000c8f00000|  0%| F|  |TAMS 0x00000000c8e00000, 0x00000000c8e00000| Untracked 
|1167|0x00000000c8f00000, 0x00000000c8f00000, 0x00000000c9000000|  0%| F|  |TAMS 0x00000000c8f00000, 0x00000000c8f00000| Untracked 
|1168|0x00000000c9000000, 0x00000000c9000000, 0x00000000c9100000|  0%| F|  |TAMS 0x00000000c9000000, 0x00000000c9000000| Untracked 
|1169|0x00000000c9100000, 0x00000000c9100000, 0x00000000c9200000|  0%| F|  |TAMS 0x00000000c9100000, 0x00000000c9100000| Untracked 
|1170|0x00000000c9200000, 0x00000000c9200000, 0x00000000c9300000|  0%| F|  |TAMS 0x00000000c9200000, 0x00000000c9200000| Untracked 
|1171|0x00000000c9300000, 0x00000000c9300000, 0x00000000c9400000|  0%| F|  |TAMS 0x00000000c9300000, 0x00000000c9300000| Untracked 
|1172|0x00000000c9400000, 0x00000000c9400000, 0x00000000c9500000|  0%| F|  |TAMS 0x00000000c9400000, 0x00000000c9400000| Untracked 
|1173|0x00000000c9500000, 0x00000000c9500000, 0x00000000c9600000|  0%| F|  |TAMS 0x00000000c9500000, 0x00000000c9500000| Untracked 
|1174|0x00000000c9600000, 0x00000000c9600000, 0x00000000c9700000|  0%| F|  |TAMS 0x00000000c9600000, 0x00000000c9600000| Untracked 
|1175|0x00000000c9700000, 0x00000000c9700000, 0x00000000c9800000|  0%| F|  |TAMS 0x00000000c9700000, 0x00000000c9700000| Untracked 
|1176|0x00000000c9800000, 0x00000000c9800000, 0x00000000c9900000|  0%| F|  |TAMS 0x00000000c9800000, 0x00000000c9800000| Untracked 
|1177|0x00000000c9900000, 0x00000000c9900000, 0x00000000c9a00000|  0%| F|  |TAMS 0x00000000c9900000, 0x00000000c9900000| Untracked 
|1178|0x00000000c9a00000, 0x00000000c9a00000, 0x00000000c9b00000|  0%| F|  |TAMS 0x00000000c9a00000, 0x00000000c9a00000| Untracked 
|1179|0x00000000c9b00000, 0x00000000c9b00000, 0x00000000c9c00000|  0%| F|  |TAMS 0x00000000c9b00000, 0x00000000c9b00000| Untracked 
|1180|0x00000000c9c00000, 0x00000000c9c00000, 0x00000000c9d00000|  0%| F|  |TAMS 0x00000000c9c00000, 0x00000000c9c00000| Untracked 
|1181|0x00000000c9d00000, 0x00000000c9d00000, 0x00000000c9e00000|  0%| F|  |TAMS 0x00000000c9d00000, 0x00000000c9d00000| Untracked 
|1182|0x00000000c9e00000, 0x00000000c9e00000, 0x00000000c9f00000|  0%| F|  |TAMS 0x00000000c9e00000, 0x00000000c9e00000| Untracked 
|1183|0x00000000c9f00000, 0x00000000c9f00000, 0x00000000ca000000|  0%| F|  |TAMS 0x00000000c9f00000, 0x00000000c9f00000| Untracked 
|1184|0x00000000ca000000, 0x00000000ca000000, 0x00000000ca100000|  0%| F|  |TAMS 0x00000000ca000000, 0x00000000ca000000| Untracked 
|1185|0x00000000ca100000, 0x00000000ca100000, 0x00000000ca200000|  0%| F|  |TAMS 0x00000000ca100000, 0x00000000ca100000| Untracked 
|1186|0x00000000ca200000, 0x00000000ca200000, 0x00000000ca300000|  0%| F|  |TAMS 0x00000000ca200000, 0x00000000ca200000| Untracked 
|1187|0x00000000ca300000, 0x00000000ca300000, 0x00000000ca400000|  0%| F|  |TAMS 0x00000000ca300000, 0x00000000ca300000| Untracked 
|1188|0x00000000ca400000, 0x00000000ca400000, 0x00000000ca500000|  0%| F|  |TAMS 0x00000000ca400000, 0x00000000ca400000| Untracked 
|1189|0x00000000ca500000, 0x00000000ca500000, 0x00000000ca600000|  0%| F|  |TAMS 0x00000000ca500000, 0x00000000ca500000| Untracked 
|1190|0x00000000ca600000, 0x00000000ca600000, 0x00000000ca700000|  0%| F|  |TAMS 0x00000000ca600000, 0x00000000ca600000| Untracked 
|1191|0x00000000ca700000, 0x00000000ca700000, 0x00000000ca800000|  0%| F|  |TAMS 0x00000000ca700000, 0x00000000ca700000| Untracked 
|1192|0x00000000ca800000, 0x00000000ca800000, 0x00000000ca900000|  0%| F|  |TAMS 0x00000000ca800000, 0x00000000ca800000| Untracked 
|1193|0x00000000ca900000, 0x00000000ca900000, 0x00000000caa00000|  0%| F|  |TAMS 0x00000000ca900000, 0x00000000ca900000| Untracked 
|1194|0x00000000caa00000, 0x00000000caa00000, 0x00000000cab00000|  0%| F|  |TAMS 0x00000000caa00000, 0x00000000caa00000| Untracked 
|1195|0x00000000cab00000, 0x00000000cab00000, 0x00000000cac00000|  0%| F|  |TAMS 0x00000000cab00000, 0x00000000cab00000| Untracked 
|1196|0x00000000cac00000, 0x00000000cac00000, 0x00000000cad00000|  0%| F|  |TAMS 0x00000000cac00000, 0x00000000cac00000| Untracked 
|1197|0x00000000cad00000, 0x00000000cad00000, 0x00000000cae00000|  0%| F|  |TAMS 0x00000000cad00000, 0x00000000cad00000| Untracked 
|1198|0x00000000cae00000, 0x00000000cae00000, 0x00000000caf00000|  0%| F|  |TAMS 0x00000000cae00000, 0x00000000cae00000| Untracked 
|1199|0x00000000caf00000, 0x00000000caf00000, 0x00000000cb000000|  0%| F|  |TAMS 0x00000000caf00000, 0x00000000caf00000| Untracked 
|1200|0x00000000cb000000, 0x00000000cb000000, 0x00000000cb100000|  0%| F|  |TAMS 0x00000000cb000000, 0x00000000cb000000| Untracked 
|1201|0x00000000cb100000, 0x00000000cb100000, 0x00000000cb200000|  0%| F|  |TAMS 0x00000000cb100000, 0x00000000cb100000| Untracked 
|1202|0x00000000cb200000, 0x00000000cb200000, 0x00000000cb300000|  0%| F|  |TAMS 0x00000000cb200000, 0x00000000cb200000| Untracked 
|1203|0x00000000cb300000, 0x00000000cb300000, 0x00000000cb400000|  0%| F|  |TAMS 0x00000000cb300000, 0x00000000cb300000| Untracked 
|1204|0x00000000cb400000, 0x00000000cb400000, 0x00000000cb500000|  0%| F|  |TAMS 0x00000000cb400000, 0x00000000cb400000| Untracked 
|1205|0x00000000cb500000, 0x00000000cb500000, 0x00000000cb600000|  0%| F|  |TAMS 0x00000000cb500000, 0x00000000cb500000| Untracked 
|1206|0x00000000cb600000, 0x00000000cb600000, 0x00000000cb700000|  0%| F|  |TAMS 0x00000000cb600000, 0x00000000cb600000| Untracked 
|1207|0x00000000cb700000, 0x00000000cb700000, 0x00000000cb800000|  0%| F|  |TAMS 0x00000000cb700000, 0x00000000cb700000| Untracked 
|1208|0x00000000cb800000, 0x00000000cb800000, 0x00000000cb900000|  0%| F|  |TAMS 0x00000000cb800000, 0x00000000cb800000| Untracked 
|1209|0x00000000cb900000, 0x00000000cb900000, 0x00000000cba00000|  0%| F|  |TAMS 0x00000000cb900000, 0x00000000cb900000| Untracked 
|1210|0x00000000cba00000, 0x00000000cba00000, 0x00000000cbb00000|  0%| F|  |TAMS 0x00000000cba00000, 0x00000000cba00000| Untracked 
|1211|0x00000000cbb00000, 0x00000000cbb00000, 0x00000000cbc00000|  0%| F|  |TAMS 0x00000000cbb00000, 0x00000000cbb00000| Untracked 
|1212|0x00000000cbc00000, 0x00000000cbc00000, 0x00000000cbd00000|  0%| F|  |TAMS 0x00000000cbc00000, 0x00000000cbc00000| Untracked 
|1213|0x00000000cbd00000, 0x00000000cbd00000, 0x00000000cbe00000|  0%| F|  |TAMS 0x00000000cbd00000, 0x00000000cbd00000| Untracked 
|1214|0x00000000cbe00000, 0x00000000cbe00000, 0x00000000cbf00000|  0%| F|  |TAMS 0x00000000cbe00000, 0x00000000cbe00000| Untracked 
|1215|0x00000000cbf00000, 0x00000000cbf00000, 0x00000000cc000000|  0%| F|  |TAMS 0x00000000cbf00000, 0x00000000cbf00000| Untracked 
|1216|0x00000000cc000000, 0x00000000cc000000, 0x00000000cc100000|  0%| F|  |TAMS 0x00000000cc000000, 0x00000000cc000000| Untracked 
|1217|0x00000000cc100000, 0x00000000cc100000, 0x00000000cc200000|  0%| F|  |TAMS 0x00000000cc100000, 0x00000000cc100000| Untracked 
|1218|0x00000000cc200000, 0x00000000cc200000, 0x00000000cc300000|  0%| F|  |TAMS 0x00000000cc200000, 0x00000000cc200000| Untracked 
|1219|0x00000000cc300000, 0x00000000cc300000, 0x00000000cc400000|  0%| F|  |TAMS 0x00000000cc300000, 0x00000000cc300000| Untracked 
|1220|0x00000000cc400000, 0x00000000cc400000, 0x00000000cc500000|  0%| F|  |TAMS 0x00000000cc400000, 0x00000000cc400000| Untracked 
|1221|0x00000000cc500000, 0x00000000cc500000, 0x00000000cc600000|  0%| F|  |TAMS 0x00000000cc500000, 0x00000000cc500000| Untracked 
|1222|0x00000000cc600000, 0x00000000cc600000, 0x00000000cc700000|  0%| F|  |TAMS 0x00000000cc600000, 0x00000000cc600000| Untracked 
|1223|0x00000000cc700000, 0x00000000cc700000, 0x00000000cc800000|  0%| F|  |TAMS 0x00000000cc700000, 0x00000000cc700000| Untracked 
|1224|0x00000000cc800000, 0x00000000cc800000, 0x00000000cc900000|  0%| F|  |TAMS 0x00000000cc800000, 0x00000000cc800000| Untracked 
|1225|0x00000000cc900000, 0x00000000cc900000, 0x00000000cca00000|  0%| F|  |TAMS 0x00000000cc900000, 0x00000000cc900000| Untracked 
|1226|0x00000000cca00000, 0x00000000cca00000, 0x00000000ccb00000|  0%| F|  |TAMS 0x00000000cca00000, 0x00000000cca00000| Untracked 
|1227|0x00000000ccb00000, 0x00000000ccb00000, 0x00000000ccc00000|  0%| F|  |TAMS 0x00000000ccb00000, 0x00000000ccb00000| Untracked 
|1228|0x00000000ccc00000, 0x00000000ccc00000, 0x00000000ccd00000|  0%| F|  |TAMS 0x00000000ccc00000, 0x00000000ccc00000| Untracked 
|1229|0x00000000ccd00000, 0x00000000ccd00000, 0x00000000cce00000|  0%| F|  |TAMS 0x00000000ccd00000, 0x00000000ccd00000| Untracked 
|1230|0x00000000cce00000, 0x00000000cce00000, 0x00000000ccf00000|  0%| F|  |TAMS 0x00000000cce00000, 0x00000000cce00000| Untracked 
|1231|0x00000000ccf00000, 0x00000000ccf00000, 0x00000000cd000000|  0%| F|  |TAMS 0x00000000ccf00000, 0x00000000ccf00000| Untracked 
|1232|0x00000000cd000000, 0x00000000cd000000, 0x00000000cd100000|  0%| F|  |TAMS 0x00000000cd000000, 0x00000000cd000000| Untracked 
|1233|0x00000000cd100000, 0x00000000cd100000, 0x00000000cd200000|  0%| F|  |TAMS 0x00000000cd100000, 0x00000000cd100000| Untracked 
|1234|0x00000000cd200000, 0x00000000cd200000, 0x00000000cd300000|  0%| F|  |TAMS 0x00000000cd200000, 0x00000000cd200000| Untracked 
|1235|0x00000000cd300000, 0x00000000cd300000, 0x00000000cd400000|  0%| F|  |TAMS 0x00000000cd300000, 0x00000000cd300000| Untracked 
|1236|0x00000000cd400000, 0x00000000cd400000, 0x00000000cd500000|  0%| F|  |TAMS 0x00000000cd400000, 0x00000000cd400000| Untracked 
|1237|0x00000000cd500000, 0x00000000cd500000, 0x00000000cd600000|  0%| F|  |TAMS 0x00000000cd500000, 0x00000000cd500000| Untracked 
|1238|0x00000000cd600000, 0x00000000cd600000, 0x00000000cd700000|  0%| F|  |TAMS 0x00000000cd600000, 0x00000000cd600000| Untracked 
|1239|0x00000000cd700000, 0x00000000cd700000, 0x00000000cd800000|  0%| F|  |TAMS 0x00000000cd700000, 0x00000000cd700000| Untracked 
|1240|0x00000000cd800000, 0x00000000cd800000, 0x00000000cd900000|  0%| F|  |TAMS 0x00000000cd800000, 0x00000000cd800000| Untracked 
|1241|0x00000000cd900000, 0x00000000cd900000, 0x00000000cda00000|  0%| F|  |TAMS 0x00000000cd900000, 0x00000000cd900000| Untracked 
|1242|0x00000000cda00000, 0x00000000cda00000, 0x00000000cdb00000|  0%| F|  |TAMS 0x00000000cda00000, 0x00000000cda00000| Untracked 
|1243|0x00000000cdb00000, 0x00000000cdb00000, 0x00000000cdc00000|  0%| F|  |TAMS 0x00000000cdb00000, 0x00000000cdb00000| Untracked 
|1244|0x00000000cdc00000, 0x00000000cdc00000, 0x00000000cdd00000|  0%| F|  |TAMS 0x00000000cdc00000, 0x00000000cdc00000| Untracked 
|1245|0x00000000cdd00000, 0x00000000cdd00000, 0x00000000cde00000|  0%| F|  |TAMS 0x00000000cdd00000, 0x00000000cdd00000| Untracked 
|1246|0x00000000cde00000, 0x00000000cde00000, 0x00000000cdf00000|  0%| F|  |TAMS 0x00000000cde00000, 0x00000000cde00000| Untracked 
|1247|0x00000000cdf00000, 0x00000000cdf00000, 0x00000000ce000000|  0%| F|  |TAMS 0x00000000cdf00000, 0x00000000cdf00000| Untracked 
|1248|0x00000000ce000000, 0x00000000ce000000, 0x00000000ce100000|  0%| F|  |TAMS 0x00000000ce000000, 0x00000000ce000000| Untracked 
|1249|0x00000000ce100000, 0x00000000ce100000, 0x00000000ce200000|  0%| F|  |TAMS 0x00000000ce100000, 0x00000000ce100000| Untracked 
|1250|0x00000000ce200000, 0x00000000ce200000, 0x00000000ce300000|  0%| F|  |TAMS 0x00000000ce200000, 0x00000000ce200000| Untracked 
|1251|0x00000000ce300000, 0x00000000ce300000, 0x00000000ce400000|  0%| F|  |TAMS 0x00000000ce300000, 0x00000000ce300000| Untracked 
|1252|0x00000000ce400000, 0x00000000ce400000, 0x00000000ce500000|  0%| F|  |TAMS 0x00000000ce400000, 0x00000000ce400000| Untracked 
|1253|0x00000000ce500000, 0x00000000ce500000, 0x00000000ce600000|  0%| F|  |TAMS 0x00000000ce500000, 0x00000000ce500000| Untracked 
|1254|0x00000000ce600000, 0x00000000ce600000, 0x00000000ce700000|  0%| F|  |TAMS 0x00000000ce600000, 0x00000000ce600000| Untracked 
|1255|0x00000000ce700000, 0x00000000ce700000, 0x00000000ce800000|  0%| F|  |TAMS 0x00000000ce700000, 0x00000000ce700000| Untracked 
|1256|0x00000000ce800000, 0x00000000ce800000, 0x00000000ce900000|  0%| F|  |TAMS 0x00000000ce800000, 0x00000000ce800000| Untracked 
|1257|0x00000000ce900000, 0x00000000ce900000, 0x00000000cea00000|  0%| F|  |TAMS 0x00000000ce900000, 0x00000000ce900000| Untracked 
|1258|0x00000000cea00000, 0x00000000cea00000, 0x00000000ceb00000|  0%| F|  |TAMS 0x00000000cea00000, 0x00000000cea00000| Untracked 
|1259|0x00000000ceb00000, 0x00000000ceb00000, 0x00000000cec00000|  0%| F|  |TAMS 0x00000000ceb00000, 0x00000000ceb00000| Untracked 
|1260|0x00000000cec00000, 0x00000000cec00000, 0x00000000ced00000|  0%| F|  |TAMS 0x00000000cec00000, 0x00000000cec00000| Untracked 
|1261|0x00000000ced00000, 0x00000000ced00000, 0x00000000cee00000|  0%| F|  |TAMS 0x00000000ced00000, 0x00000000ced00000| Untracked 
|1262|0x00000000cee00000, 0x00000000cee00000, 0x00000000cef00000|  0%| F|  |TAMS 0x00000000cee00000, 0x00000000cee00000| Untracked 
|1263|0x00000000cef00000, 0x00000000cef00000, 0x00000000cf000000|  0%| F|  |TAMS 0x00000000cef00000, 0x00000000cef00000| Untracked 
|1264|0x00000000cf000000, 0x00000000cf000000, 0x00000000cf100000|  0%| F|  |TAMS 0x00000000cf000000, 0x00000000cf000000| Untracked 
|1265|0x00000000cf100000, 0x00000000cf100000, 0x00000000cf200000|  0%| F|  |TAMS 0x00000000cf100000, 0x00000000cf100000| Untracked 
|1266|0x00000000cf200000, 0x00000000cf200000, 0x00000000cf300000|  0%| F|  |TAMS 0x00000000cf200000, 0x00000000cf200000| Untracked 
|1267|0x00000000cf300000, 0x00000000cf300000, 0x00000000cf400000|  0%| F|  |TAMS 0x00000000cf300000, 0x00000000cf300000| Untracked 
|1268|0x00000000cf400000, 0x00000000cf400000, 0x00000000cf500000|  0%| F|  |TAMS 0x00000000cf400000, 0x00000000cf400000| Untracked 
|1269|0x00000000cf500000, 0x00000000cf500000, 0x00000000cf600000|  0%| F|  |TAMS 0x00000000cf500000, 0x00000000cf500000| Untracked 
|1270|0x00000000cf600000, 0x00000000cf600000, 0x00000000cf700000|  0%| F|  |TAMS 0x00000000cf600000, 0x00000000cf600000| Untracked 
|1271|0x00000000cf700000, 0x00000000cf700000, 0x00000000cf800000|  0%| F|  |TAMS 0x00000000cf700000, 0x00000000cf700000| Untracked 
|1272|0x00000000cf800000, 0x00000000cf800000, 0x00000000cf900000|  0%| F|  |TAMS 0x00000000cf800000, 0x00000000cf800000| Untracked 
|1273|0x00000000cf900000, 0x00000000cf900000, 0x00000000cfa00000|  0%| F|  |TAMS 0x00000000cf900000, 0x00000000cf900000| Untracked 
|1274|0x00000000cfa00000, 0x00000000cfa00000, 0x00000000cfb00000|  0%| F|  |TAMS 0x00000000cfa00000, 0x00000000cfa00000| Untracked 
|1275|0x00000000cfb00000, 0x00000000cfb00000, 0x00000000cfc00000|  0%| F|  |TAMS 0x00000000cfb00000, 0x00000000cfb00000| Untracked 
|1276|0x00000000cfc00000, 0x00000000cfc00000, 0x00000000cfd00000|  0%| F|  |TAMS 0x00000000cfc00000, 0x00000000cfc00000| Untracked 
|1277|0x00000000cfd00000, 0x00000000cfd00000, 0x00000000cfe00000|  0%| F|  |TAMS 0x00000000cfd00000, 0x00000000cfd00000| Untracked 
|1278|0x00000000cfe00000, 0x00000000cfe00000, 0x00000000cff00000|  0%| F|  |TAMS 0x00000000cfe00000, 0x00000000cfe00000| Untracked 
|1279|0x00000000cff00000, 0x00000000cff00000, 0x00000000d0000000|  0%| F|  |TAMS 0x00000000cff00000, 0x00000000cff00000| Untracked 
|1280|0x00000000d0000000, 0x00000000d0000000, 0x00000000d0100000|  0%| F|  |TAMS 0x00000000d0000000, 0x00000000d0000000| Untracked 
|1281|0x00000000d0100000, 0x00000000d0100000, 0x00000000d0200000|  0%| F|  |TAMS 0x00000000d0100000, 0x00000000d0100000| Untracked 
|1282|0x00000000d0200000, 0x00000000d0200000, 0x00000000d0300000|  0%| F|  |TAMS 0x00000000d0200000, 0x00000000d0200000| Untracked 
|1283|0x00000000d0300000, 0x00000000d0300000, 0x00000000d0400000|  0%| F|  |TAMS 0x00000000d0300000, 0x00000000d0300000| Untracked 
|1284|0x00000000d0400000, 0x00000000d0400000, 0x00000000d0500000|  0%| F|  |TAMS 0x00000000d0400000, 0x00000000d0400000| Untracked 
|1285|0x00000000d0500000, 0x00000000d0500000, 0x00000000d0600000|  0%| F|  |TAMS 0x00000000d0500000, 0x00000000d0500000| Untracked 
|1286|0x00000000d0600000, 0x00000000d0600000, 0x00000000d0700000|  0%| F|  |TAMS 0x00000000d0600000, 0x00000000d0600000| Untracked 
|1287|0x00000000d0700000, 0x00000000d0700000, 0x00000000d0800000|  0%| F|  |TAMS 0x00000000d0700000, 0x00000000d0700000| Untracked 
|1288|0x00000000d0800000, 0x00000000d0800000, 0x00000000d0900000|  0%| F|  |TAMS 0x00000000d0800000, 0x00000000d0800000| Untracked 
|1289|0x00000000d0900000, 0x00000000d0900000, 0x00000000d0a00000|  0%| F|  |TAMS 0x00000000d0900000, 0x00000000d0900000| Untracked 
|1290|0x00000000d0a00000, 0x00000000d0a00000, 0x00000000d0b00000|  0%| F|  |TAMS 0x00000000d0a00000, 0x00000000d0a00000| Untracked 
|1291|0x00000000d0b00000, 0x00000000d0b00000, 0x00000000d0c00000|  0%| F|  |TAMS 0x00000000d0b00000, 0x00000000d0b00000| Untracked 
|1292|0x00000000d0c00000, 0x00000000d0c00000, 0x00000000d0d00000|  0%| F|  |TAMS 0x00000000d0c00000, 0x00000000d0c00000| Untracked 
|1293|0x00000000d0d00000, 0x00000000d0d00000, 0x00000000d0e00000|  0%| F|  |TAMS 0x00000000d0d00000, 0x00000000d0d00000| Untracked 
|1294|0x00000000d0e00000, 0x00000000d0e00000, 0x00000000d0f00000|  0%| F|  |TAMS 0x00000000d0e00000, 0x00000000d0e00000| Untracked 
|1295|0x00000000d0f00000, 0x00000000d0f00000, 0x00000000d1000000|  0%| F|  |TAMS 0x00000000d0f00000, 0x00000000d0f00000| Untracked 
|1296|0x00000000d1000000, 0x00000000d1000000, 0x00000000d1100000|  0%| F|  |TAMS 0x00000000d1000000, 0x00000000d1000000| Untracked 
|1297|0x00000000d1100000, 0x00000000d1100000, 0x00000000d1200000|  0%| F|  |TAMS 0x00000000d1100000, 0x00000000d1100000| Untracked 
|1298|0x00000000d1200000, 0x00000000d1200000, 0x00000000d1300000|  0%| F|  |TAMS 0x00000000d1200000, 0x00000000d1200000| Untracked 
|1299|0x00000000d1300000, 0x00000000d1300000, 0x00000000d1400000|  0%| F|  |TAMS 0x00000000d1300000, 0x00000000d1300000| Untracked 
|1300|0x00000000d1400000, 0x00000000d1400000, 0x00000000d1500000|  0%| F|  |TAMS 0x00000000d1400000, 0x00000000d1400000| Untracked 
|1301|0x00000000d1500000, 0x00000000d1500000, 0x00000000d1600000|  0%| F|  |TAMS 0x00000000d1500000, 0x00000000d1500000| Untracked 
|1302|0x00000000d1600000, 0x00000000d1600000, 0x00000000d1700000|  0%| F|  |TAMS 0x00000000d1600000, 0x00000000d1600000| Untracked 
|1303|0x00000000d1700000, 0x00000000d1700000, 0x00000000d1800000|  0%| F|  |TAMS 0x00000000d1700000, 0x00000000d1700000| Untracked 
|1304|0x00000000d1800000, 0x00000000d1800000, 0x00000000d1900000|  0%| F|  |TAMS 0x00000000d1800000, 0x00000000d1800000| Untracked 
|1305|0x00000000d1900000, 0x00000000d1900000, 0x00000000d1a00000|  0%| F|  |TAMS 0x00000000d1900000, 0x00000000d1900000| Untracked 
|1306|0x00000000d1a00000, 0x00000000d1a00000, 0x00000000d1b00000|  0%| F|  |TAMS 0x00000000d1a00000, 0x00000000d1a00000| Untracked 
|1307|0x00000000d1b00000, 0x00000000d1b00000, 0x00000000d1c00000|  0%| F|  |TAMS 0x00000000d1b00000, 0x00000000d1b00000| Untracked 
|1308|0x00000000d1c00000, 0x00000000d1c00000, 0x00000000d1d00000|  0%| F|  |TAMS 0x00000000d1c00000, 0x00000000d1c00000| Untracked 
|1309|0x00000000d1d00000, 0x00000000d1d00000, 0x00000000d1e00000|  0%| F|  |TAMS 0x00000000d1d00000, 0x00000000d1d00000| Untracked 
|1310|0x00000000d1e00000, 0x00000000d1e00000, 0x00000000d1f00000|  0%| F|  |TAMS 0x00000000d1e00000, 0x00000000d1e00000| Untracked 
|1311|0x00000000d1f00000, 0x00000000d1f00000, 0x00000000d2000000|  0%| F|  |TAMS 0x00000000d1f00000, 0x00000000d1f00000| Untracked 
|1312|0x00000000d2000000, 0x00000000d2000000, 0x00000000d2100000|  0%| F|  |TAMS 0x00000000d2000000, 0x00000000d2000000| Untracked 
|1313|0x00000000d2100000, 0x00000000d2100000, 0x00000000d2200000|  0%| F|  |TAMS 0x00000000d2100000, 0x00000000d2100000| Untracked 
|1314|0x00000000d2200000, 0x00000000d2200000, 0x00000000d2300000|  0%| F|  |TAMS 0x00000000d2200000, 0x00000000d2200000| Untracked 
|1315|0x00000000d2300000, 0x00000000d2300000, 0x00000000d2400000|  0%| F|  |TAMS 0x00000000d2300000, 0x00000000d2300000| Untracked 
|1316|0x00000000d2400000, 0x00000000d2400000, 0x00000000d2500000|  0%| F|  |TAMS 0x00000000d2400000, 0x00000000d2400000| Untracked 
|1317|0x00000000d2500000, 0x00000000d2500000, 0x00000000d2600000|  0%| F|  |TAMS 0x00000000d2500000, 0x00000000d2500000| Untracked 
|1318|0x00000000d2600000, 0x00000000d2600000, 0x00000000d2700000|  0%| F|  |TAMS 0x00000000d2600000, 0x00000000d2600000| Untracked 
|1319|0x00000000d2700000, 0x00000000d2700000, 0x00000000d2800000|  0%| F|  |TAMS 0x00000000d2700000, 0x00000000d2700000| Untracked 
|1320|0x00000000d2800000, 0x00000000d2800000, 0x00000000d2900000|  0%| F|  |TAMS 0x00000000d2800000, 0x00000000d2800000| Untracked 
|1321|0x00000000d2900000, 0x00000000d2900000, 0x00000000d2a00000|  0%| F|  |TAMS 0x00000000d2900000, 0x00000000d2900000| Untracked 
|1322|0x00000000d2a00000, 0x00000000d2a00000, 0x00000000d2b00000|  0%| F|  |TAMS 0x00000000d2a00000, 0x00000000d2a00000| Untracked 
|1323|0x00000000d2b00000, 0x00000000d2b00000, 0x00000000d2c00000|  0%| F|  |TAMS 0x00000000d2b00000, 0x00000000d2b00000| Untracked 
|1324|0x00000000d2c00000, 0x00000000d2c00000, 0x00000000d2d00000|  0%| F|  |TAMS 0x00000000d2c00000, 0x00000000d2c00000| Untracked 
|1325|0x00000000d2d00000, 0x00000000d2d00000, 0x00000000d2e00000|  0%| F|  |TAMS 0x00000000d2d00000, 0x00000000d2d00000| Untracked 
|1326|0x00000000d2e00000, 0x00000000d2e00000, 0x00000000d2f00000|  0%| F|  |TAMS 0x00000000d2e00000, 0x00000000d2e00000| Untracked 
|1327|0x00000000d2f00000, 0x00000000d2f00000, 0x00000000d3000000|  0%| F|  |TAMS 0x00000000d2f00000, 0x00000000d2f00000| Untracked 
|1328|0x00000000d3000000, 0x00000000d3000000, 0x00000000d3100000|  0%| F|  |TAMS 0x00000000d3000000, 0x00000000d3000000| Untracked 
|1329|0x00000000d3100000, 0x00000000d3100000, 0x00000000d3200000|  0%| F|  |TAMS 0x00000000d3100000, 0x00000000d3100000| Untracked 
|1330|0x00000000d3200000, 0x00000000d3200000, 0x00000000d3300000|  0%| F|  |TAMS 0x00000000d3200000, 0x00000000d3200000| Untracked 
|1331|0x00000000d3300000, 0x00000000d3300000, 0x00000000d3400000|  0%| F|  |TAMS 0x00000000d3300000, 0x00000000d3300000| Untracked 
|1332|0x00000000d3400000, 0x00000000d3400000, 0x00000000d3500000|  0%| F|  |TAMS 0x00000000d3400000, 0x00000000d3400000| Untracked 
|1333|0x00000000d3500000, 0x00000000d3500000, 0x00000000d3600000|  0%| F|  |TAMS 0x00000000d3500000, 0x00000000d3500000| Untracked 
|1334|0x00000000d3600000, 0x00000000d3600000, 0x00000000d3700000|  0%| F|  |TAMS 0x00000000d3600000, 0x00000000d3600000| Untracked 
|1335|0x00000000d3700000, 0x00000000d3700000, 0x00000000d3800000|  0%| F|  |TAMS 0x00000000d3700000, 0x00000000d3700000| Untracked 
|1336|0x00000000d3800000, 0x00000000d3800000, 0x00000000d3900000|  0%| F|  |TAMS 0x00000000d3800000, 0x00000000d3800000| Untracked 
|1337|0x00000000d3900000, 0x00000000d3900000, 0x00000000d3a00000|  0%| F|  |TAMS 0x00000000d3900000, 0x00000000d3900000| Untracked 
|1338|0x00000000d3a00000, 0x00000000d3a00000, 0x00000000d3b00000|  0%| F|  |TAMS 0x00000000d3a00000, 0x00000000d3a00000| Untracked 
|1339|0x00000000d3b00000, 0x00000000d3b00000, 0x00000000d3c00000|  0%| F|  |TAMS 0x00000000d3b00000, 0x00000000d3b00000| Untracked 
|1340|0x00000000d3c00000, 0x00000000d3c00000, 0x00000000d3d00000|  0%| F|  |TAMS 0x00000000d3c00000, 0x00000000d3c00000| Untracked 
|1341|0x00000000d3d00000, 0x00000000d3d00000, 0x00000000d3e00000|  0%| F|  |TAMS 0x00000000d3d00000, 0x00000000d3d00000| Untracked 
|1342|0x00000000d3e00000, 0x00000000d3e00000, 0x00000000d3f00000|  0%| F|  |TAMS 0x00000000d3e00000, 0x00000000d3e00000| Untracked 
|1343|0x00000000d3f00000, 0x00000000d3f00000, 0x00000000d4000000|  0%| F|  |TAMS 0x00000000d3f00000, 0x00000000d3f00000| Untracked 
|1344|0x00000000d4000000, 0x00000000d4000000, 0x00000000d4100000|  0%| F|  |TAMS 0x00000000d4000000, 0x00000000d4000000| Untracked 
|1345|0x00000000d4100000, 0x00000000d4100000, 0x00000000d4200000|  0%| F|  |TAMS 0x00000000d4100000, 0x00000000d4100000| Untracked 
|1346|0x00000000d4200000, 0x00000000d4200000, 0x00000000d4300000|  0%| F|  |TAMS 0x00000000d4200000, 0x00000000d4200000| Untracked 
|1347|0x00000000d4300000, 0x00000000d4300000, 0x00000000d4400000|  0%| F|  |TAMS 0x00000000d4300000, 0x00000000d4300000| Untracked 
|1348|0x00000000d4400000, 0x00000000d4400000, 0x00000000d4500000|  0%| F|  |TAMS 0x00000000d4400000, 0x00000000d4400000| Untracked 
|1349|0x00000000d4500000, 0x00000000d4500000, 0x00000000d4600000|  0%| F|  |TAMS 0x00000000d4500000, 0x00000000d4500000| Untracked 
|1350|0x00000000d4600000, 0x00000000d4600000, 0x00000000d4700000|  0%| F|  |TAMS 0x00000000d4600000, 0x00000000d4600000| Untracked 
|1351|0x00000000d4700000, 0x00000000d4700000, 0x00000000d4800000|  0%| F|  |TAMS 0x00000000d4700000, 0x00000000d4700000| Untracked 
|1352|0x00000000d4800000, 0x00000000d4800000, 0x00000000d4900000|  0%| F|  |TAMS 0x00000000d4800000, 0x00000000d4800000| Untracked 
|1353|0x00000000d4900000, 0x00000000d4900000, 0x00000000d4a00000|  0%| F|  |TAMS 0x00000000d4900000, 0x00000000d4900000| Untracked 
|1354|0x00000000d4a00000, 0x00000000d4a00000, 0x00000000d4b00000|  0%| F|  |TAMS 0x00000000d4a00000, 0x00000000d4a00000| Untracked 
|1355|0x00000000d4b00000, 0x00000000d4b00000, 0x00000000d4c00000|  0%| F|  |TAMS 0x00000000d4b00000, 0x00000000d4b00000| Untracked 
|1356|0x00000000d4c00000, 0x00000000d4c00000, 0x00000000d4d00000|  0%| F|  |TAMS 0x00000000d4c00000, 0x00000000d4c00000| Untracked 
|1357|0x00000000d4d00000, 0x00000000d4d00000, 0x00000000d4e00000|  0%| F|  |TAMS 0x00000000d4d00000, 0x00000000d4d00000| Untracked 
|1358|0x00000000d4e00000, 0x00000000d4e00000, 0x00000000d4f00000|  0%| F|  |TAMS 0x00000000d4e00000, 0x00000000d4e00000| Untracked 
|1359|0x00000000d4f00000, 0x00000000d4f00000, 0x00000000d5000000|  0%| F|  |TAMS 0x00000000d4f00000, 0x00000000d4f00000| Untracked 
|1360|0x00000000d5000000, 0x00000000d5000000, 0x00000000d5100000|  0%| F|  |TAMS 0x00000000d5000000, 0x00000000d5000000| Untracked 
|1361|0x00000000d5100000, 0x00000000d5100000, 0x00000000d5200000|  0%| F|  |TAMS 0x00000000d5100000, 0x00000000d5100000| Untracked 
|1362|0x00000000d5200000, 0x00000000d5200000, 0x00000000d5300000|  0%| F|  |TAMS 0x00000000d5200000, 0x00000000d5200000| Untracked 
|1363|0x00000000d5300000, 0x00000000d5300000, 0x00000000d5400000|  0%| F|  |TAMS 0x00000000d5300000, 0x00000000d5300000| Untracked 
|1364|0x00000000d5400000, 0x00000000d5400000, 0x00000000d5500000|  0%| F|  |TAMS 0x00000000d5400000, 0x00000000d5400000| Untracked 
|1365|0x00000000d5500000, 0x00000000d5500000, 0x00000000d5600000|  0%| F|  |TAMS 0x00000000d5500000, 0x00000000d5500000| Untracked 
|1366|0x00000000d5600000, 0x00000000d5600000, 0x00000000d5700000|  0%| F|  |TAMS 0x00000000d5600000, 0x00000000d5600000| Untracked 
|1367|0x00000000d5700000, 0x00000000d5700000, 0x00000000d5800000|  0%| F|  |TAMS 0x00000000d5700000, 0x00000000d5700000| Untracked 
|1368|0x00000000d5800000, 0x00000000d5800000, 0x00000000d5900000|  0%| F|  |TAMS 0x00000000d5800000, 0x00000000d5800000| Untracked 
|1369|0x00000000d5900000, 0x00000000d5900000, 0x00000000d5a00000|  0%| F|  |TAMS 0x00000000d5900000, 0x00000000d5900000| Untracked 
|1370|0x00000000d5a00000, 0x00000000d5a00000, 0x00000000d5b00000|  0%| F|  |TAMS 0x00000000d5a00000, 0x00000000d5a00000| Untracked 
|1371|0x00000000d5b00000, 0x00000000d5b00000, 0x00000000d5c00000|  0%| F|  |TAMS 0x00000000d5b00000, 0x00000000d5b00000| Untracked 
|1372|0x00000000d5c00000, 0x00000000d5c00000, 0x00000000d5d00000|  0%| F|  |TAMS 0x00000000d5c00000, 0x00000000d5c00000| Untracked 
|1373|0x00000000d5d00000, 0x00000000d5d00000, 0x00000000d5e00000|  0%| F|  |TAMS 0x00000000d5d00000, 0x00000000d5d00000| Untracked 
|1374|0x00000000d5e00000, 0x00000000d5e00000, 0x00000000d5f00000|  0%| F|  |TAMS 0x00000000d5e00000, 0x00000000d5e00000| Untracked 
|1375|0x00000000d5f00000, 0x00000000d5f00000, 0x00000000d6000000|  0%| F|  |TAMS 0x00000000d5f00000, 0x00000000d5f00000| Untracked 
|1376|0x00000000d6000000, 0x00000000d6000000, 0x00000000d6100000|  0%| F|  |TAMS 0x00000000d6000000, 0x00000000d6000000| Untracked 
|1377|0x00000000d6100000, 0x00000000d6100000, 0x00000000d6200000|  0%| F|  |TAMS 0x00000000d6100000, 0x00000000d6100000| Untracked 
|1378|0x00000000d6200000, 0x00000000d6200000, 0x00000000d6300000|  0%| F|  |TAMS 0x00000000d6200000, 0x00000000d6200000| Untracked 
|1379|0x00000000d6300000, 0x00000000d6300000, 0x00000000d6400000|  0%| F|  |TAMS 0x00000000d6300000, 0x00000000d6300000| Untracked 
|1380|0x00000000d6400000, 0x00000000d6400000, 0x00000000d6500000|  0%| F|  |TAMS 0x00000000d6400000, 0x00000000d6400000| Untracked 
|1381|0x00000000d6500000, 0x00000000d6500000, 0x00000000d6600000|  0%| F|  |TAMS 0x00000000d6500000, 0x00000000d6500000| Untracked 
|1382|0x00000000d6600000, 0x00000000d6600000, 0x00000000d6700000|  0%| F|  |TAMS 0x00000000d6600000, 0x00000000d6600000| Untracked 
|1383|0x00000000d6700000, 0x00000000d6700000, 0x00000000d6800000|  0%| F|  |TAMS 0x00000000d6700000, 0x00000000d6700000| Untracked 
|1384|0x00000000d6800000, 0x00000000d6800000, 0x00000000d6900000|  0%| F|  |TAMS 0x00000000d6800000, 0x00000000d6800000| Untracked 
|1385|0x00000000d6900000, 0x00000000d6900000, 0x00000000d6a00000|  0%| F|  |TAMS 0x00000000d6900000, 0x00000000d6900000| Untracked 
|1386|0x00000000d6a00000, 0x00000000d6a00000, 0x00000000d6b00000|  0%| F|  |TAMS 0x00000000d6a00000, 0x00000000d6a00000| Untracked 
|1387|0x00000000d6b00000, 0x00000000d6b00000, 0x00000000d6c00000|  0%| F|  |TAMS 0x00000000d6b00000, 0x00000000d6b00000| Untracked 
|1388|0x00000000d6c00000, 0x00000000d6c00000, 0x00000000d6d00000|  0%| F|  |TAMS 0x00000000d6c00000, 0x00000000d6c00000| Untracked 
|1389|0x00000000d6d00000, 0x00000000d6d00000, 0x00000000d6e00000|  0%| F|  |TAMS 0x00000000d6d00000, 0x00000000d6d00000| Untracked 
|1390|0x00000000d6e00000, 0x00000000d6e00000, 0x00000000d6f00000|  0%| F|  |TAMS 0x00000000d6e00000, 0x00000000d6e00000| Untracked 
|1391|0x00000000d6f00000, 0x00000000d6f00000, 0x00000000d7000000|  0%| F|  |TAMS 0x00000000d6f00000, 0x00000000d6f00000| Untracked 
|1392|0x00000000d7000000, 0x00000000d7000000, 0x00000000d7100000|  0%| F|  |TAMS 0x00000000d7000000, 0x00000000d7000000| Untracked 
|1393|0x00000000d7100000, 0x00000000d7100000, 0x00000000d7200000|  0%| F|  |TAMS 0x00000000d7100000, 0x00000000d7100000| Untracked 
|1394|0x00000000d7200000, 0x00000000d7200000, 0x00000000d7300000|  0%| F|  |TAMS 0x00000000d7200000, 0x00000000d7200000| Untracked 
|1395|0x00000000d7300000, 0x00000000d7300000, 0x00000000d7400000|  0%| F|  |TAMS 0x00000000d7300000, 0x00000000d7300000| Untracked 
|1396|0x00000000d7400000, 0x00000000d7400000, 0x00000000d7500000|  0%| F|  |TAMS 0x00000000d7400000, 0x00000000d7400000| Untracked 
|1397|0x00000000d7500000, 0x00000000d7500000, 0x00000000d7600000|  0%| F|  |TAMS 0x00000000d7500000, 0x00000000d7500000| Untracked 
|1398|0x00000000d7600000, 0x00000000d7600000, 0x00000000d7700000|  0%| F|  |TAMS 0x00000000d7600000, 0x00000000d7600000| Untracked 
|1399|0x00000000d7700000, 0x00000000d7700000, 0x00000000d7800000|  0%| F|  |TAMS 0x00000000d7700000, 0x00000000d7700000| Untracked 
|1400|0x00000000d7800000, 0x00000000d7800000, 0x00000000d7900000|  0%| F|  |TAMS 0x00000000d7800000, 0x00000000d7800000| Untracked 
|1401|0x00000000d7900000, 0x00000000d7900000, 0x00000000d7a00000|  0%| F|  |TAMS 0x00000000d7900000, 0x00000000d7900000| Untracked 
|1402|0x00000000d7a00000, 0x00000000d7a00000, 0x00000000d7b00000|  0%| F|  |TAMS 0x00000000d7a00000, 0x00000000d7a00000| Untracked 
|1403|0x00000000d7b00000, 0x00000000d7b00000, 0x00000000d7c00000|  0%| F|  |TAMS 0x00000000d7b00000, 0x00000000d7b00000| Untracked 
|1404|0x00000000d7c00000, 0x00000000d7c00000, 0x00000000d7d00000|  0%| F|  |TAMS 0x00000000d7c00000, 0x00000000d7c00000| Untracked 
|1405|0x00000000d7d00000, 0x00000000d7d00000, 0x00000000d7e00000|  0%| F|  |TAMS 0x00000000d7d00000, 0x00000000d7d00000| Untracked 
|1406|0x00000000d7e00000, 0x00000000d7e00000, 0x00000000d7f00000|  0%| F|  |TAMS 0x00000000d7e00000, 0x00000000d7e00000| Untracked 
|1407|0x00000000d7f00000, 0x00000000d7f00000, 0x00000000d8000000|  0%| F|  |TAMS 0x00000000d7f00000, 0x00000000d7f00000| Untracked 
|1408|0x00000000d8000000, 0x00000000d8000000, 0x00000000d8100000|  0%| F|  |TAMS 0x00000000d8000000, 0x00000000d8000000| Untracked 
|1409|0x00000000d8100000, 0x00000000d8100000, 0x00000000d8200000|  0%| F|  |TAMS 0x00000000d8100000, 0x00000000d8100000| Untracked 
|1410|0x00000000d8200000, 0x00000000d8200000, 0x00000000d8300000|  0%| F|  |TAMS 0x00000000d8200000, 0x00000000d8200000| Untracked 
|1411|0x00000000d8300000, 0x00000000d8300000, 0x00000000d8400000|  0%| F|  |TAMS 0x00000000d8300000, 0x00000000d8300000| Untracked 
|1412|0x00000000d8400000, 0x00000000d8400000, 0x00000000d8500000|  0%| F|  |TAMS 0x00000000d8400000, 0x00000000d8400000| Untracked 
|1413|0x00000000d8500000, 0x00000000d8500000, 0x00000000d8600000|  0%| F|  |TAMS 0x00000000d8500000, 0x00000000d8500000| Untracked 
|1414|0x00000000d8600000, 0x00000000d8600000, 0x00000000d8700000|  0%| F|  |TAMS 0x00000000d8600000, 0x00000000d8600000| Untracked 
|1415|0x00000000d8700000, 0x00000000d8700000, 0x00000000d8800000|  0%| F|  |TAMS 0x00000000d8700000, 0x00000000d8700000| Untracked 
|1416|0x00000000d8800000, 0x00000000d8800000, 0x00000000d8900000|  0%| F|  |TAMS 0x00000000d8800000, 0x00000000d8800000| Untracked 
|1417|0x00000000d8900000, 0x00000000d8900000, 0x00000000d8a00000|  0%| F|  |TAMS 0x00000000d8900000, 0x00000000d8900000| Untracked 
|1418|0x00000000d8a00000, 0x00000000d8a00000, 0x00000000d8b00000|  0%| F|  |TAMS 0x00000000d8a00000, 0x00000000d8a00000| Untracked 
|1419|0x00000000d8b00000, 0x00000000d8b00000, 0x00000000d8c00000|  0%| F|  |TAMS 0x00000000d8b00000, 0x00000000d8b00000| Untracked 
|1420|0x00000000d8c00000, 0x00000000d8c00000, 0x00000000d8d00000|  0%| F|  |TAMS 0x00000000d8c00000, 0x00000000d8c00000| Untracked 
|1421|0x00000000d8d00000, 0x00000000d8d00000, 0x00000000d8e00000|  0%| F|  |TAMS 0x00000000d8d00000, 0x00000000d8d00000| Untracked 
|1422|0x00000000d8e00000, 0x00000000d8e00000, 0x00000000d8f00000|  0%| F|  |TAMS 0x00000000d8e00000, 0x00000000d8e00000| Untracked 
|1423|0x00000000d8f00000, 0x00000000d8f00000, 0x00000000d9000000|  0%| F|  |TAMS 0x00000000d8f00000, 0x00000000d8f00000| Untracked 
|1424|0x00000000d9000000, 0x00000000d9000000, 0x00000000d9100000|  0%| F|  |TAMS 0x00000000d9000000, 0x00000000d9000000| Untracked 
|1425|0x00000000d9100000, 0x00000000d9100000, 0x00000000d9200000|  0%| F|  |TAMS 0x00000000d9100000, 0x00000000d9100000| Untracked 
|1426|0x00000000d9200000, 0x00000000d9200000, 0x00000000d9300000|  0%| F|  |TAMS 0x00000000d9200000, 0x00000000d9200000| Untracked 
|1427|0x00000000d9300000, 0x00000000d9300000, 0x00000000d9400000|  0%| F|  |TAMS 0x00000000d9300000, 0x00000000d9300000| Untracked 
|1428|0x00000000d9400000, 0x00000000d9400000, 0x00000000d9500000|  0%| F|  |TAMS 0x00000000d9400000, 0x00000000d9400000| Untracked 
|1429|0x00000000d9500000, 0x00000000d9500000, 0x00000000d9600000|  0%| F|  |TAMS 0x00000000d9500000, 0x00000000d9500000| Untracked 
|1430|0x00000000d9600000, 0x00000000d9600000, 0x00000000d9700000|  0%| F|  |TAMS 0x00000000d9600000, 0x00000000d9600000| Untracked 
|1431|0x00000000d9700000, 0x00000000d9700000, 0x00000000d9800000|  0%| F|  |TAMS 0x00000000d9700000, 0x00000000d9700000| Untracked 
|1432|0x00000000d9800000, 0x00000000d9800000, 0x00000000d9900000|  0%| F|  |TAMS 0x00000000d9800000, 0x00000000d9800000| Untracked 
|1433|0x00000000d9900000, 0x00000000d9900000, 0x00000000d9a00000|  0%| F|  |TAMS 0x00000000d9900000, 0x00000000d9900000| Untracked 
|1434|0x00000000d9a00000, 0x00000000d9a00000, 0x00000000d9b00000|  0%| F|  |TAMS 0x00000000d9a00000, 0x00000000d9a00000| Untracked 
|1435|0x00000000d9b00000, 0x00000000d9b00000, 0x00000000d9c00000|  0%| F|  |TAMS 0x00000000d9b00000, 0x00000000d9b00000| Untracked 
|1436|0x00000000d9c00000, 0x00000000d9c00000, 0x00000000d9d00000|  0%| F|  |TAMS 0x00000000d9c00000, 0x00000000d9c00000| Untracked 
|1437|0x00000000d9d00000, 0x00000000d9d00000, 0x00000000d9e00000|  0%| F|  |TAMS 0x00000000d9d00000, 0x00000000d9d00000| Untracked 
|1438|0x00000000d9e00000, 0x00000000d9e00000, 0x00000000d9f00000|  0%| F|  |TAMS 0x00000000d9e00000, 0x00000000d9e00000| Untracked 
|1439|0x00000000d9f00000, 0x00000000d9f00000, 0x00000000da000000|  0%| F|  |TAMS 0x00000000d9f00000, 0x00000000d9f00000| Untracked 
|1440|0x00000000da000000, 0x00000000da000000, 0x00000000da100000|  0%| F|  |TAMS 0x00000000da000000, 0x00000000da000000| Untracked 
|1441|0x00000000da100000, 0x00000000da100000, 0x00000000da200000|  0%| F|  |TAMS 0x00000000da100000, 0x00000000da100000| Untracked 
|1442|0x00000000da200000, 0x00000000da200000, 0x00000000da300000|  0%| F|  |TAMS 0x00000000da200000, 0x00000000da200000| Untracked 
|1443|0x00000000da300000, 0x00000000da300000, 0x00000000da400000|  0%| F|  |TAMS 0x00000000da300000, 0x00000000da300000| Untracked 
|1444|0x00000000da400000, 0x00000000da400000, 0x00000000da500000|  0%| F|  |TAMS 0x00000000da400000, 0x00000000da400000| Untracked 
|1445|0x00000000da500000, 0x00000000da500000, 0x00000000da600000|  0%| F|  |TAMS 0x00000000da500000, 0x00000000da500000| Untracked 
|1446|0x00000000da600000, 0x00000000da600000, 0x00000000da700000|  0%| F|  |TAMS 0x00000000da600000, 0x00000000da600000| Untracked 
|1447|0x00000000da700000, 0x00000000da700000, 0x00000000da800000|  0%| F|  |TAMS 0x00000000da700000, 0x00000000da700000| Untracked 
|1448|0x00000000da800000, 0x00000000da800000, 0x00000000da900000|  0%| F|  |TAMS 0x00000000da800000, 0x00000000da800000| Untracked 
|1449|0x00000000da900000, 0x00000000da900000, 0x00000000daa00000|  0%| F|  |TAMS 0x00000000da900000, 0x00000000da900000| Untracked 
|1450|0x00000000daa00000, 0x00000000daa00000, 0x00000000dab00000|  0%| F|  |TAMS 0x00000000daa00000, 0x00000000daa00000| Untracked 
|1451|0x00000000dab00000, 0x00000000dab00000, 0x00000000dac00000|  0%| F|  |TAMS 0x00000000dab00000, 0x00000000dab00000| Untracked 
|1452|0x00000000dac00000, 0x00000000dac00000, 0x00000000dad00000|  0%| F|  |TAMS 0x00000000dac00000, 0x00000000dac00000| Untracked 
|1453|0x00000000dad00000, 0x00000000dad00000, 0x00000000dae00000|  0%| F|  |TAMS 0x00000000dad00000, 0x00000000dad00000| Untracked 
|1454|0x00000000dae00000, 0x00000000dae00000, 0x00000000daf00000|  0%| F|  |TAMS 0x00000000dae00000, 0x00000000dae00000| Untracked 
|1455|0x00000000daf00000, 0x00000000daf00000, 0x00000000db000000|  0%| F|  |TAMS 0x00000000daf00000, 0x00000000daf00000| Untracked 
|1456|0x00000000db000000, 0x00000000db000000, 0x00000000db100000|  0%| F|  |TAMS 0x00000000db000000, 0x00000000db000000| Untracked 
|1457|0x00000000db100000, 0x00000000db100000, 0x00000000db200000|  0%| F|  |TAMS 0x00000000db100000, 0x00000000db100000| Untracked 
|1458|0x00000000db200000, 0x00000000db200000, 0x00000000db300000|  0%| F|  |TAMS 0x00000000db200000, 0x00000000db200000| Untracked 
|1459|0x00000000db300000, 0x00000000db300000, 0x00000000db400000|  0%| F|  |TAMS 0x00000000db300000, 0x00000000db300000| Untracked 
|1460|0x00000000db400000, 0x00000000db400000, 0x00000000db500000|  0%| F|  |TAMS 0x00000000db400000, 0x00000000db400000| Untracked 
|1461|0x00000000db500000, 0x00000000db500000, 0x00000000db600000|  0%| F|  |TAMS 0x00000000db500000, 0x00000000db500000| Untracked 
|1504|0x00000000de000000, 0x00000000de000000, 0x00000000de100000|  0%| F|  |TAMS 0x00000000de000000, 0x00000000de000000| Untracked 
|1505|0x00000000de100000, 0x00000000de100000, 0x00000000de200000|  0%| F|  |TAMS 0x00000000de100000, 0x00000000de100000| Untracked 
|1506|0x00000000de200000, 0x00000000de200000, 0x00000000de300000|  0%| F|  |TAMS 0x00000000de200000, 0x00000000de200000| Untracked 
|1507|0x00000000de300000, 0x00000000de300000, 0x00000000de400000|  0%| F|  |TAMS 0x00000000de300000, 0x00000000de300000| Untracked 
|1508|0x00000000de400000, 0x00000000de400000, 0x00000000de500000|  0%| F|  |TAMS 0x00000000de400000, 0x00000000de400000| Untracked 
|1509|0x00000000de500000, 0x00000000de500000, 0x00000000de600000|  0%| F|  |TAMS 0x00000000de500000, 0x00000000de500000| Untracked 
|1510|0x00000000de600000, 0x00000000de600000, 0x00000000de700000|  0%| F|  |TAMS 0x00000000de600000, 0x00000000de600000| Untracked 
|1511|0x00000000de700000, 0x00000000de700000, 0x00000000de800000|  0%| F|  |TAMS 0x00000000de700000, 0x00000000de700000| Untracked 
|1512|0x00000000de800000, 0x00000000de800000, 0x00000000de900000|  0%| F|  |TAMS 0x00000000de800000, 0x00000000de800000| Untracked 
|1513|0x00000000de900000, 0x00000000de900000, 0x00000000dea00000|  0%| F|  |TAMS 0x00000000de900000, 0x00000000de900000| Untracked 
|1514|0x00000000dea00000, 0x00000000deb00000, 0x00000000deb00000|100%| S|CS|TAMS 0x00000000dea00000, 0x00000000dea00000| Complete 
|1515|0x00000000deb00000, 0x00000000dec00000, 0x00000000dec00000|100%| S|CS|TAMS 0x00000000deb00000, 0x00000000deb00000| Complete 
|1516|0x00000000dec00000, 0x00000000ded00000, 0x00000000ded00000|100%| S|CS|TAMS 0x00000000dec00000, 0x00000000dec00000| Complete 
|1517|0x00000000ded00000, 0x00000000dee00000, 0x00000000dee00000|100%| S|CS|TAMS 0x00000000ded00000, 0x00000000ded00000| Complete 
|1518|0x00000000dee00000, 0x00000000dee00000, 0x00000000def00000|  0%| F|  |TAMS 0x00000000dee00000, 0x00000000dee00000| Untracked 
|1519|0x00000000def00000, 0x00000000df000000, 0x00000000df000000|100%| S|CS|TAMS 0x00000000def00000, 0x00000000def00000| Complete 
|1520|0x00000000df000000, 0x00000000df100000, 0x00000000df100000|100%| S|CS|TAMS 0x00000000df000000, 0x00000000df000000| Complete 
|1521|0x00000000df100000, 0x00000000df200000, 0x00000000df200000|100%| S|CS|TAMS 0x00000000df100000, 0x00000000df100000| Complete 
|1522|0x00000000df200000, 0x00000000df300000, 0x00000000df300000|100%| S|CS|TAMS 0x00000000df200000, 0x00000000df200000| Complete 
|1523|0x00000000df300000, 0x00000000df400000, 0x00000000df400000|100%| S|CS|TAMS 0x00000000df300000, 0x00000000df300000| Complete 
|1524|0x00000000df400000, 0x00000000df500000, 0x00000000df500000|100%| S|CS|TAMS 0x00000000df400000, 0x00000000df400000| Complete 
|1525|0x00000000df500000, 0x00000000df500000, 0x00000000df600000|  0%| F|  |TAMS 0x00000000df500000, 0x00000000df500000| Untracked 
|1526|0x00000000df600000, 0x00000000df600000, 0x00000000df700000|  0%| F|  |TAMS 0x00000000df600000, 0x00000000df600000| Untracked 
|1527|0x00000000df700000, 0x00000000df700000, 0x00000000df800000|  0%| F|  |TAMS 0x00000000df700000, 0x00000000df700000| Untracked 
|1528|0x00000000df800000, 0x00000000df800000, 0x00000000df900000|  0%| F|  |TAMS 0x00000000df800000, 0x00000000df800000| Untracked 
|1529|0x00000000df900000, 0x00000000df900000, 0x00000000dfa00000|  0%| F|  |TAMS 0x00000000df900000, 0x00000000df900000| Untracked 
|1530|0x00000000dfa00000, 0x00000000dfa00000, 0x00000000dfb00000|  0%| F|  |TAMS 0x00000000dfa00000, 0x00000000dfa00000| Untracked 
|1531|0x00000000dfb00000, 0x00000000dfb00000, 0x00000000dfc00000|  0%| F|  |TAMS 0x00000000dfb00000, 0x00000000dfb00000| Untracked 
|1532|0x00000000dfc00000, 0x00000000dfc00000, 0x00000000dfd00000|  0%| F|  |TAMS 0x00000000dfc00000, 0x00000000dfc00000| Untracked 
|1533|0x00000000dfd00000, 0x00000000dfd00000, 0x00000000dfe00000|  0%| F|  |TAMS 0x00000000dfd00000, 0x00000000dfd00000| Untracked 
|1534|0x00000000dfe00000, 0x00000000dfe00000, 0x00000000dff00000|  0%| F|  |TAMS 0x00000000dfe00000, 0x00000000dfe00000| Untracked 
|1535|0x00000000dff00000, 0x00000000dff00000, 0x00000000e0000000|  0%| F|  |TAMS 0x00000000dff00000, 0x00000000dff00000| Untracked 
|1536|0x00000000e0000000, 0x00000000e0000000, 0x00000000e0100000|  0%| F|  |TAMS 0x00000000e0000000, 0x00000000e0000000| Untracked 
|1537|0x00000000e0100000, 0x00000000e0100000, 0x00000000e0200000|  0%| F|  |TAMS 0x00000000e0100000, 0x00000000e0100000| Untracked 
|1538|0x00000000e0200000, 0x00000000e0200000, 0x00000000e0300000|  0%| F|  |TAMS 0x00000000e0200000, 0x00000000e0200000| Untracked 
|1539|0x00000000e0300000, 0x00000000e0300000, 0x00000000e0400000|  0%| F|  |TAMS 0x00000000e0300000, 0x00000000e0300000| Untracked 
|1540|0x00000000e0400000, 0x00000000e0400000, 0x00000000e0500000|  0%| F|  |TAMS 0x00000000e0400000, 0x00000000e0400000| Untracked 
|1541|0x00000000e0500000, 0x00000000e0500000, 0x00000000e0600000|  0%| F|  |TAMS 0x00000000e0500000, 0x00000000e0500000| Untracked 
|1542|0x00000000e0600000, 0x00000000e0600000, 0x00000000e0700000|  0%| F|  |TAMS 0x00000000e0600000, 0x00000000e0600000| Untracked 
|1543|0x00000000e0700000, 0x00000000e0700000, 0x00000000e0800000|  0%| F|  |TAMS 0x00000000e0700000, 0x00000000e0700000| Untracked 
|1544|0x00000000e0800000, 0x00000000e0800000, 0x00000000e0900000|  0%| F|  |TAMS 0x00000000e0800000, 0x00000000e0800000| Untracked 
|1545|0x00000000e0900000, 0x00000000e0900000, 0x00000000e0a00000|  0%| F|  |TAMS 0x00000000e0900000, 0x00000000e0900000| Untracked 
|1546|0x00000000e0a00000, 0x00000000e0a00000, 0x00000000e0b00000|  0%| F|  |TAMS 0x00000000e0a00000, 0x00000000e0a00000| Untracked 
|1547|0x00000000e0b00000, 0x00000000e0b00000, 0x00000000e0c00000|  0%| F|  |TAMS 0x00000000e0b00000, 0x00000000e0b00000| Untracked 
|1548|0x00000000e0c00000, 0x00000000e0c00000, 0x00000000e0d00000|  0%| F|  |TAMS 0x00000000e0c00000, 0x00000000e0c00000| Untracked 
|1549|0x00000000e0d00000, 0x00000000e0d00000, 0x00000000e0e00000|  0%| F|  |TAMS 0x00000000e0d00000, 0x00000000e0d00000| Untracked 
|1550|0x00000000e0e00000, 0x00000000e0e00000, 0x00000000e0f00000|  0%| F|  |TAMS 0x00000000e0e00000, 0x00000000e0e00000| Untracked 
|1551|0x00000000e0f00000, 0x00000000e0f00000, 0x00000000e1000000|  0%| F|  |TAMS 0x00000000e0f00000, 0x00000000e0f00000| Untracked 
|1552|0x00000000e1000000, 0x00000000e1000000, 0x00000000e1100000|  0%| F|  |TAMS 0x00000000e1000000, 0x00000000e1000000| Untracked 
|1553|0x00000000e1100000, 0x00000000e1100000, 0x00000000e1200000|  0%| F|  |TAMS 0x00000000e1100000, 0x00000000e1100000| Untracked 
|1554|0x00000000e1200000, 0x00000000e1200000, 0x00000000e1300000|  0%| F|  |TAMS 0x00000000e1200000, 0x00000000e1200000| Untracked 
|1555|0x00000000e1300000, 0x00000000e1300000, 0x00000000e1400000|  0%| F|  |TAMS 0x00000000e1300000, 0x00000000e1300000| Untracked 
|1556|0x00000000e1400000, 0x00000000e1400000, 0x00000000e1500000|  0%| F|  |TAMS 0x00000000e1400000, 0x00000000e1400000| Untracked 
|1557|0x00000000e1500000, 0x00000000e1500000, 0x00000000e1600000|  0%| F|  |TAMS 0x00000000e1500000, 0x00000000e1500000| Untracked 
|1558|0x00000000e1600000, 0x00000000e1600000, 0x00000000e1700000|  0%| F|  |TAMS 0x00000000e1600000, 0x00000000e1600000| Untracked 
|1559|0x00000000e1700000, 0x00000000e1700000, 0x00000000e1800000|  0%| F|  |TAMS 0x00000000e1700000, 0x00000000e1700000| Untracked 
|1560|0x00000000e1800000, 0x00000000e1800000, 0x00000000e1900000|  0%| F|  |TAMS 0x00000000e1800000, 0x00000000e1800000| Untracked 
|1561|0x00000000e1900000, 0x00000000e1900000, 0x00000000e1a00000|  0%| F|  |TAMS 0x00000000e1900000, 0x00000000e1900000| Untracked 
|1562|0x00000000e1a00000, 0x00000000e1a00000, 0x00000000e1b00000|  0%| F|  |TAMS 0x00000000e1a00000, 0x00000000e1a00000| Untracked 
|1563|0x00000000e1b00000, 0x00000000e1b00000, 0x00000000e1c00000|  0%| F|  |TAMS 0x00000000e1b00000, 0x00000000e1b00000| Untracked 
|1564|0x00000000e1c00000, 0x00000000e1c08df0, 0x00000000e1d00000|  3%| E|  |TAMS 0x00000000e1c00000, 0x00000000e1c00000| Complete 
|1565|0x00000000e1d00000, 0x00000000e1e00000, 0x00000000e1e00000|100%| E|CS|TAMS 0x00000000e1d00000, 0x00000000e1d00000| Complete 
|1566|0x00000000e1e00000, 0x00000000e1f00000, 0x00000000e1f00000|100%| E|CS|TAMS 0x00000000e1e00000, 0x00000000e1e00000| Complete 
|1567|0x00000000e1f00000, 0x00000000e2000000, 0x00000000e2000000|100%| E|CS|TAMS 0x00000000e1f00000, 0x00000000e1f00000| Complete 
|1568|0x00000000e2000000, 0x00000000e2100000, 0x00000000e2100000|100%| E|CS|TAMS 0x00000000e2000000, 0x00000000e2000000| Complete 
|1569|0x00000000e2100000, 0x00000000e2200000, 0x00000000e2200000|100%| E|CS|TAMS 0x00000000e2100000, 0x00000000e2100000| Complete 
|1570|0x00000000e2200000, 0x00000000e2300000, 0x00000000e2300000|100%| E|CS|TAMS 0x00000000e2200000, 0x00000000e2200000| Complete 
|1571|0x00000000e2300000, 0x00000000e2400000, 0x00000000e2400000|100%| E|CS|TAMS 0x00000000e2300000, 0x00000000e2300000| Complete 
|1572|0x00000000e2400000, 0x00000000e2500000, 0x00000000e2500000|100%| E|CS|TAMS 0x00000000e2400000, 0x00000000e2400000| Complete 
|1573|0x00000000e2500000, 0x00000000e2600000, 0x00000000e2600000|100%| E|CS|TAMS 0x00000000e2500000, 0x00000000e2500000| Complete 
|1574|0x00000000e2600000, 0x00000000e2700000, 0x00000000e2700000|100%| E|CS|TAMS 0x00000000e2600000, 0x00000000e2600000| Complete 
|1575|0x00000000e2700000, 0x00000000e2800000, 0x00000000e2800000|100%| E|CS|TAMS 0x00000000e2700000, 0x00000000e2700000| Complete 
|1576|0x00000000e2800000, 0x00000000e2900000, 0x00000000e2900000|100%| E|CS|TAMS 0x00000000e2800000, 0x00000000e2800000| Complete 
|1577|0x00000000e2900000, 0x00000000e2a00000, 0x00000000e2a00000|100%| E|CS|TAMS 0x00000000e2900000, 0x00000000e2900000| Complete 
|1578|0x00000000e2a00000, 0x00000000e2b00000, 0x00000000e2b00000|100%| E|CS|TAMS 0x00000000e2a00000, 0x00000000e2a00000| Complete 
|1579|0x00000000e2b00000, 0x00000000e2c00000, 0x00000000e2c00000|100%| E|CS|TAMS 0x00000000e2b00000, 0x00000000e2b00000| Complete 
|1580|0x00000000e2c00000, 0x00000000e2d00000, 0x00000000e2d00000|100%| E|CS|TAMS 0x00000000e2c00000, 0x00000000e2c00000| Complete 
|1581|0x00000000e2d00000, 0x00000000e2e00000, 0x00000000e2e00000|100%| E|CS|TAMS 0x00000000e2d00000, 0x00000000e2d00000| Complete 
|1582|0x00000000e2e00000, 0x00000000e2f00000, 0x00000000e2f00000|100%| E|CS|TAMS 0x00000000e2e00000, 0x00000000e2e00000| Complete 
|1583|0x00000000e2f00000, 0x00000000e3000000, 0x00000000e3000000|100%| E|CS|TAMS 0x00000000e2f00000, 0x00000000e2f00000| Complete 
|1584|0x00000000e3000000, 0x00000000e3100000, 0x00000000e3100000|100%| E|CS|TAMS 0x00000000e3000000, 0x00000000e3000000| Complete 
|1585|0x00000000e3100000, 0x00000000e3200000, 0x00000000e3200000|100%| E|CS|TAMS 0x00000000e3100000, 0x00000000e3100000| Complete 
|1586|0x00000000e3200000, 0x00000000e3300000, 0x00000000e3300000|100%| E|CS|TAMS 0x00000000e3200000, 0x00000000e3200000| Complete 
|1587|0x00000000e3300000, 0x00000000e3400000, 0x00000000e3400000|100%| E|CS|TAMS 0x00000000e3300000, 0x00000000e3300000| Complete 
|1588|0x00000000e3400000, 0x00000000e3500000, 0x00000000e3500000|100%| E|CS|TAMS 0x00000000e3400000, 0x00000000e3400000| Complete 
|1589|0x00000000e3500000, 0x00000000e3600000, 0x00000000e3600000|100%| E|CS|TAMS 0x00000000e3500000, 0x00000000e3500000| Complete 
|1590|0x00000000e3600000, 0x00000000e3700000, 0x00000000e3700000|100%| E|CS|TAMS 0x00000000e3600000, 0x00000000e3600000| Complete 
|1591|0x00000000e3700000, 0x00000000e3800000, 0x00000000e3800000|100%| E|CS|TAMS 0x00000000e3700000, 0x00000000e3700000| Complete 

Card table byte_map: [0x00000260cdea0000,0x00000260ce2a0000] _byte_map_base: 0x00000260cdaa0000

Marking Bits (Prev, Next): (CMBitMap*) 0x00000260b6c64f10, (CMBitMap*) 0x00000260b6c64ed0
 Prev Bits: [0x00000260d06a0000, 0x00000260d26a0000)
 Next Bits: [0x00000260ce6a0000, 0x00000260d06a0000)

Polling page: 0x00000260b49c0000

Metaspace:

Usage:
  Non-class:    177.59 MB used.
      Class:     25.89 MB used.
       Both:    203.48 MB used.

Virtual space:
  Non-class space:      192.00 MB reserved,     178.94 MB ( 93%) committed,  3 nodes.
      Class space:      416.00 MB reserved,      27.12 MB (  7%) committed,  1 nodes.
             Both:      608.00 MB reserved,     206.06 MB ( 34%) committed. 

Chunk freelists:
   Non-Class:  12.24 MB
       Class:  4.83 MB
        Both:  17.07 MB

MaxMetaspaceSize: 512.00 MB
CompressedClassSpaceSize: 416.00 MB
Initial GC threshold: 21.00 MB
Current GC threshold: 342.50 MB
CDS: on
MetaspaceReclaimPolicy: balanced
 - commit_granule_bytes: 65536.
 - commit_granule_words: 8192.
 - virtual_space_node_default_size: 8388608.
 - enlarge_chunks_in_place: 1.
 - new_chunks_are_fully_committed: 0.
 - uncommit_free_chunks: 1.
 - use_allocation_guard: 0.
 - handle_deallocations: 1.


Internal statistics:

num_allocs_failed_limit: 6.
num_arena_births: 10760.
num_arena_deaths: 6138.
num_vsnodes_births: 4.
num_vsnodes_deaths: 0.
num_space_committed: 3385.
num_space_uncommitted: 90.
num_chunks_returned_to_freelist: 9033.
num_chunks_taken_from_freelist: 24682.
num_chunk_merges: 2243.
num_chunk_splits: 12021.
num_chunks_enlarged: 6144.
num_inconsistent_stats: 0.

CodeHeap 'non-profiled nmethods': size=120000Kb used=63777Kb max_used=63846Kb free=56223Kb
 bounds [0x00000260c6240000, 0x00000260ca0a0000, 0x00000260cd770000]
CodeHeap 'profiled nmethods': size=120000Kb used=88045Kb max_used=89178Kb free=31955Kb
 bounds [0x00000260be770000, 0x00000260c3eb0000, 0x00000260c5ca0000]
CodeHeap 'non-nmethods': size=5760Kb used=1976Kb max_used=2127Kb free=3783Kb
 bounds [0x00000260c5ca0000, 0x00000260c5f10000, 0x00000260c6240000]
 total_blobs=46689 nmethods=45587 adapters=1008
 compilation: enabled
              stopped_count=0, restarted_count=0
 full_count=0

Compilation events (20 events):
Event: 23785.532 Thread 0x00000260d5151090 nmethod 66885 0x00000260c82c8e10 code [0x00000260c82c8fc0, 0x00000260c82c9418]
Event: 23785.826 Thread 0x00000260d4abe3c0 66886       3       com.android.build.api.variant.impl.FlatSourceDirectoriesImpl::variantSourcesFileCollectionForModel$gradle_core (281 bytes)
Event: 23786.024 Thread 0x00000260d4abe3c0 nmethod 66886 0x00000260c2098910 code [0x00000260c20990c0, 0x00000260c209e3e8]
Event: 23786.026 Thread 0x00000260d4abe3c0 66887       3       java.lang.invoke.LambdaForm$MH/0x00000260d8b25000::invoke (32 bytes)
Event: 23786.032 Thread 0x00000260d4abe3c0 nmethod 66887 0x00000260c2519f90 code [0x00000260c251a160, 0x00000260c251a5d8]
Event: 23786.953 Thread 0x00000260d5151090 66888       4       java.lang.invoke.LambdaFormEditor::addArgumentForm (121 bytes)
Event: 23787.136 Thread 0x00000260d5151090 nmethod 66888 0x00000260c9cb7610 code [0x00000260c9cb7860, 0x00000260c9cb9af0]
Event: 23787.137 Thread 0x00000260d5151090 66889       4       java.lang.invoke.BoundMethodHandle$Species_LLLL::copyWithExtendL (33 bytes)
Event: 23787.140 Thread 0x00000260d5151090 nmethod 66889 0x00000260c82c8990 code [0x00000260c82c8b40, 0x00000260c82c8ca8]
Event: 23787.236 Thread 0x00000260d5151090 66890       4       java.util.ComparableTimSort::mergeLo (656 bytes)
Event: 23787.349 Thread 0x00000260d5151090 nmethod 66890 0x00000260c9cb4610 code [0x00000260c9cb4820, 0x00000260c9cb6a38]
Event: 23790.422 Thread 0x00000260d5151090 66891       4       org.codehaus.groovy.reflection.stdclasses.CachedSAMClass::isAssignableFrom (24 bytes)
Event: 23790.439 Thread 0x00000260d5151090 nmethod 66891 0x00000260c82c8590 code [0x00000260c82c8720, 0x00000260c82c8858]
Event: 23790.458 Thread 0x00000260d4abe3c0 66892       3       java.lang.invoke.LambdaForm$MH/0x00000260d86b0800::reinvoke (23 bytes)
Event: 23790.462 Thread 0x00000260d4abe3c0 nmethod 66892 0x00000260c24b7910 code [0x00000260c24b7b00, 0x00000260c24b7ff8]
Event: 23791.636 Thread 0x00000260d5151090 66893       4       com.google.common.cache.LocalCache$Segment::scheduleRefresh (66 bytes)
Event: 23791.818 Thread 0x00000260d5151090 nmethod 66893 0x00000260c82c8210 code [0x00000260c82c83a0, 0x00000260c82c8478]
Event: 23794.863 Thread 0x00000260d4abe3c0 66894       3       java.lang.invoke.LambdaForm$MH/0x00000260d74f3400::reinvoke (24 bytes)
Event: 23794.869 Thread 0x00000260d4abe3c0 nmethod 66894 0x00000260c2b7e990 code [0x00000260c2b7eb80, 0x00000260c2b7f0d8]
Event: 23795.380 Thread 0x00000260d5151090 66895       4       groovy.lang.MetaClassImpl::populateMethods (390 bytes)

GC Heap History (20 events):
Event: 23646.169 GC heap before
{Heap before GC invocations=402 (full 1):
 garbage-first heap   total 1457152K, used 478264K [0x0000000080000000, 0x0000000100000000)
  region size 1024K, 71 young (72704K), 1 survivors (1024K)
 Metaspace       used 207268K, committed 210368K, reserved 622592K
  class space    used 26304K, committed 27712K, reserved 425984K
}
Event: 23646.896 GC heap after
{Heap after GC invocations=403 (full 1):
 garbage-first heap   total 1457152K, used 402903K [0x0000000080000000, 0x0000000100000000)
  region size 1024K, 2 young (2048K), 2 survivors (2048K)
 Metaspace       used 207268K, committed 210368K, reserved 622592K
  class space    used 26304K, committed 27712K, reserved 425984K
}
Event: 23648.015 GC heap before
{Heap before GC invocations=403 (full 1):
 garbage-first heap   total 1457152K, used 473559K [0x0000000080000000, 0x0000000100000000)
  region size 1024K, 71 young (72704K), 2 survivors (2048K)
 Metaspace       used 207281K, committed 210368K, reserved 622592K
  class space    used 26305K, committed 27712K, reserved 425984K
}
Event: 23648.321 GC heap after
{Heap after GC invocations=404 (full 1):
 garbage-first heap   total 1457152K, used 400620K [0x0000000080000000, 0x0000000100000000)
  region size 1024K, 5 young (5120K), 5 survivors (5120K)
 Metaspace       used 207281K, committed 210368K, reserved 622592K
  class space    used 26305K, committed 27712K, reserved 425984K
}
Event: 23648.916 GC heap before
{Heap before GC invocations=404 (full 1):
 garbage-first heap   total 1457152K, used 467180K [0x0000000080000000, 0x0000000100000000)
  region size 1024K, 71 young (72704K), 5 survivors (5120K)
 Metaspace       used 207288K, committed 210368K, reserved 622592K
  class space    used 26306K, committed 27712K, reserved 425984K
}
Event: 23649.173 GC heap after
{Heap after GC invocations=405 (full 1):
 garbage-first heap   total 1457152K, used 403964K [0x0000000080000000, 0x0000000100000000)
  region size 1024K, 9 young (9216K), 9 survivors (9216K)
 Metaspace       used 207288K, committed 210368K, reserved 622592K
  class space    used 26306K, committed 27712K, reserved 425984K
}
Event: 23649.838 GC heap before
{Heap before GC invocations=405 (full 1):
 garbage-first heap   total 1457152K, used 467452K [0x0000000080000000, 0x0000000100000000)
  region size 1024K, 71 young (72704K), 9 survivors (9216K)
 Metaspace       used 207298K, committed 210368K, reserved 622592K
  class space    used 26308K, committed 27712K, reserved 425984K
}
Event: 23649.961 GC heap after
{Heap after GC invocations=406 (full 1):
 garbage-first heap   total 1630208K, used 403327K [0x0000000080000000, 0x0000000100000000)
  region size 1024K, 8 young (8192K), 8 survivors (8192K)
 Metaspace       used 207298K, committed 210368K, reserved 622592K
  class space    used 26308K, committed 27712K, reserved 425984K
}
Event: 23651.876 GC heap before
{Heap before GC invocations=406 (full 1):
 garbage-first heap   total 1630208K, used 476031K [0x0000000080000000, 0x0000000100000000)
  region size 1024K, 79 young (80896K), 8 survivors (8192K)
 Metaspace       used 207330K, committed 210368K, reserved 622592K
  class space    used 26310K, committed 27712K, reserved 425984K
}
Event: 23652.130 GC heap after
{Heap after GC invocations=407 (full 1):
 garbage-first heap   total 1630208K, used 407530K [0x0000000080000000, 0x0000000100000000)
  region size 1024K, 9 young (9216K), 9 survivors (9216K)
 Metaspace       used 207330K, committed 210368K, reserved 622592K
  class space    used 26310K, committed 27712K, reserved 425984K
}
Event: 23657.194 GC heap before
{Heap before GC invocations=407 (full 1):
 garbage-first heap   total 1630208K, used 478186K [0x0000000080000000, 0x0000000100000000)
  region size 1024K, 79 young (80896K), 9 survivors (9216K)
 Metaspace       used 207505K, committed 210368K, reserved 622592K
  class space    used 26341K, committed 27712K, reserved 425984K
}
Event: 23657.511 GC heap after
{Heap after GC invocations=408 (full 1):
 garbage-first heap   total 1630208K, used 410275K [0x0000000080000000, 0x0000000100000000)
  region size 1024K, 4 young (4096K), 4 survivors (4096K)
 Metaspace       used 207505K, committed 210368K, reserved 622592K
  class space    used 26341K, committed 27712K, reserved 425984K
}
Event: 23665.017 GC heap before
{Heap before GC invocations=409 (full 1):
 garbage-first heap   total 1587200K, used 519843K [0x0000000080000000, 0x0000000100000000)
  region size 1024K, 135 young (138240K), 4 survivors (4096K)
 Metaspace       used 207540K, committed 210432K, reserved 622592K
  class space    used 26347K, committed 27712K, reserved 425984K
}
Event: 23665.030 GC heap after
{Heap after GC invocations=410 (full 1):
 garbage-first heap   total 1587200K, used 385255K [0x0000000080000000, 0x0000000100000000)
  region size 1024K, 3 young (3072K), 3 survivors (3072K)
 Metaspace       used 207540K, committed 210432K, reserved 622592K
  class space    used 26347K, committed 27712K, reserved 425984K
}
Event: 23744.269 GC heap before
{Heap before GC invocations=410 (full 1):
 garbage-first heap   total 1587200K, used 460007K [0x0000000080000000, 0x0000000100000000)
  region size 1024K, 77 young (78848K), 3 survivors (3072K)
 Metaspace       used 207989K, committed 210560K, reserved 622592K
  class space    used 26436K, committed 27712K, reserved 425984K
}
Event: 23745.192 GC heap after
{Heap after GC invocations=411 (full 1):
 garbage-first heap   total 1587200K, used 380505K [0x0000000080000000, 0x0000000100000000)
  region size 1024K, 4 young (4096K), 4 survivors (4096K)
 Metaspace       used 207989K, committed 210560K, reserved 622592K
  class space    used 26436K, committed 27712K, reserved 425984K
}
Event: 23768.106 GC heap before
{Heap before GC invocations=411 (full 1):
 garbage-first heap   total 1587200K, used 455257K [0x0000000080000000, 0x0000000100000000)
  region size 1024K, 77 young (78848K), 4 survivors (4096K)
 Metaspace       used 208191K, committed 210752K, reserved 622592K
  class space    used 26472K, committed 27712K, reserved 425984K
}
Event: 23768.221 GC heap after
{Heap after GC invocations=412 (full 1):
 garbage-first heap   total 1587200K, used 381468K [0x0000000080000000, 0x0000000100000000)
  region size 1024K, 10 young (10240K), 10 survivors (10240K)
 Metaspace       used 208191K, committed 210752K, reserved 622592K
  class space    used 26472K, committed 27712K, reserved 425984K
}
Event: 23788.131 GC heap before
{Heap before GC invocations=412 (full 1):
 garbage-first heap   total 1587200K, used 450076K [0x0000000080000000, 0x0000000100000000)
  region size 1024K, 77 young (78848K), 10 survivors (10240K)
 Metaspace       used 208343K, committed 210944K, reserved 622592K
  class space    used 26505K, committed 27776K, reserved 425984K
}
Event: 23788.310 GC heap after
{Heap after GC invocations=413 (full 1):
 garbage-first heap   total 1587200K, used 386206K [0x0000000080000000, 0x0000000100000000)
  region size 1024K, 10 young (10240K), 10 survivors (10240K)
 Metaspace       used 208343K, committed 210944K, reserved 622592K
  class space    used 26505K, committed 27776K, reserved 425984K
}

Dll operation events (16 events):
Event: 0.033 Loaded shared library C:\Program Files\Microsoft\jdk-17.0.18.8-hotspot\bin\java.dll
Event: 0.066 Loaded shared library C:\Program Files\Microsoft\jdk-17.0.18.8-hotspot\bin\jsvml.dll
Event: 0.177 Loaded shared library C:\Program Files\Microsoft\jdk-17.0.18.8-hotspot\bin\zip.dll
Event: 0.183 Loaded shared library C:\Program Files\Microsoft\jdk-17.0.18.8-hotspot\bin\instrument.dll
Event: 0.192 Loaded shared library C:\Program Files\Microsoft\jdk-17.0.18.8-hotspot\bin\net.dll
Event: 0.196 Loaded shared library C:\Program Files\Microsoft\jdk-17.0.18.8-hotspot\bin\nio.dll
Event: 0.201 Loaded shared library C:\Program Files\Microsoft\jdk-17.0.18.8-hotspot\bin\zip.dll
Event: 0.787 Loaded shared library C:\Program Files\Microsoft\jdk-17.0.18.8-hotspot\bin\jimage.dll
Event: 1.231 Loaded shared library C:\Program Files\Microsoft\jdk-17.0.18.8-hotspot\bin\verify.dll
Event: 1.298 Loaded shared library C:\Users\lenovo\.gradle\native\660c5614fbf4a5f2a75b1949f50a0caf5cd603558e7d8a26e50b933a0cfb79d1\windows-amd64\native-platform.dll
Event: 1.339 Loaded shared library C:\Users\lenovo\.gradle\native\0.2.8\x86_64-windows-gnu\gradle-fileevents.dll
Event: 8.309 Loaded shared library C:\Program Files\Microsoft\jdk-17.0.18.8-hotspot\bin\management.dll
Event: 8.335 Loaded shared library C:\Program Files\Microsoft\jdk-17.0.18.8-hotspot\bin\management_ext.dll
Event: 9.139 Loaded shared library C:\Program Files\Microsoft\jdk-17.0.18.8-hotspot\bin\extnet.dll
Event: 9.603 Loaded shared library C:\Program Files\Microsoft\jdk-17.0.18.8-hotspot\bin\sunmscapi.dll
Event: 2902.711 Loaded shared library C:\Program Files\Microsoft\jdk-17.0.18.8-hotspot\bin\rmi.dll

Deoptimization events (20 events):
Event: 23758.137 Thread 0x0000026082ad48f0 DEOPT PACKING pc=0x00000260c842b970 sp=0x000000aebf4f64d0
Event: 23758.138 Thread 0x0000026082ad48f0 DEOPT UNPACKING pc=0x00000260c5cf69a3 sp=0x000000aebf4f6428 mode 2
Event: 23758.141 Thread 0x0000026082ad48f0 Uncommon trap: trap_request=0xffffffbe fr.pc=0x00000260c842b970 relative=0x0000000000000630
Event: 23758.141 Thread 0x0000026082ad48f0 Uncommon trap: reason=profile_predicate action=maybe_recompile pc=0x00000260c842b970 method=kotlin.reflect.jvm.internal.impl.metadata.jvm.deserialization.UtfEncodingKt.stringsToBytes([Ljava/lang/String;)[B @ 101 c2
Event: 23758.141 Thread 0x0000026082ad48f0 DEOPT PACKING pc=0x00000260c842b970 sp=0x000000aebf4f6560
Event: 23758.141 Thread 0x0000026082ad48f0 DEOPT UNPACKING pc=0x00000260c5cf69a3 sp=0x000000aebf4f64b8 mode 2
Event: 23758.146 Thread 0x0000026082ad48f0 Uncommon trap: trap_request=0xffffffbe fr.pc=0x00000260c842b970 relative=0x0000000000000630
Event: 23758.147 Thread 0x0000026082ad48f0 Uncommon trap: reason=profile_predicate action=maybe_recompile pc=0x00000260c842b970 method=kotlin.reflect.jvm.internal.impl.metadata.jvm.deserialization.UtfEncodingKt.stringsToBytes([Ljava/lang/String;)[B @ 101 c2
Event: 23758.147 Thread 0x0000026082ad48f0 DEOPT PACKING pc=0x00000260c842b970 sp=0x000000aebf4f6560
Event: 23758.147 Thread 0x0000026082ad48f0 DEOPT UNPACKING pc=0x00000260c5cf69a3 sp=0x000000aebf4f64b8 mode 2
Event: 23759.249 Thread 0x0000026082ad48f0 Uncommon trap: trap_request=0xffffff45 fr.pc=0x00000260c737fb30 relative=0x00000000000003f0
Event: 23759.250 Thread 0x0000026082ad48f0 Uncommon trap: reason=unstable_if action=reinterpret pc=0x00000260c737fb30 method=it.unimi.dsi.fastutil.longs.Long2ObjectOpenHashMap.put(JLjava/lang/Object;)Ljava/lang/Object; @ 9 c2
Event: 23759.250 Thread 0x0000026082ad48f0 DEOPT PACKING pc=0x00000260c737fb30 sp=0x000000aebf4f6d70
Event: 23759.250 Thread 0x0000026082ad48f0 DEOPT UNPACKING pc=0x00000260c5cf69a3 sp=0x000000aebf4f6d40 mode 2
Event: 23771.913 Thread 0x0000026082ad48f0 Uncommon trap: trap_request=0xffffffcc fr.pc=0x00000260c9fd3c84 relative=0x00000000000010e4
Event: 23771.913 Thread 0x0000026082ad48f0 Uncommon trap: reason=intrinsic_or_type_checked_inlining action=make_not_entrant pc=0x00000260c9fd3c84 method=java.util.ComparableTimSort.mergeLo(IIII)V @ 326 c2
Event: 23771.913 Thread 0x0000026082ad48f0 DEOPT PACKING pc=0x00000260c9fd3c84 sp=0x000000aebf4f6c80
Event: 23771.914 Thread 0x0000026082ad48f0 DEOPT UNPACKING pc=0x00000260c5cf69a3 sp=0x000000aebf4f6c48 mode 2
Event: 23795.388 Thread 0x0000026082ad48f0 DEOPT PACKING pc=0x00000260c09fff06 sp=0x000000aebf4f6570
Event: 23795.403 Thread 0x0000026082ad48f0 DEOPT UNPACKING pc=0x00000260c5cf7143 sp=0x000000aebf4f5b20 mode 0

Classes loaded (20 events):
Event: 21271.471 Loading class sun/security/ssl/PreSharedKeyExtension$CHPreSharedKeySpec
Event: 21271.901 Loading class sun/security/ssl/PreSharedKeyExtension$CHPreSharedKeySpec done
Event: 21271.908 Loading class sun/security/ssl/PreSharedKeyExtension$PartialClientHelloMessage
Event: 21272.076 Loading class sun/security/ssl/PreSharedKeyExtension$PartialClientHelloMessage done
Event: 21272.083 Loading class sun/security/ssl/SSLEngineOutputRecord
Event: 21272.678 Loading class sun/security/ssl/SSLEngineOutputRecord done
Event: 21274.527 Loading class sun/security/ssl/SSLEngineOutputRecord$HandshakeFragment
Event: 21274.775 Loading class sun/security/ssl/SSLEngineOutputRecord$HandshakeFragment done
Event: 21274.778 Loading class sun/security/ssl/SSLEngineOutputRecord$HandshakeMemo
Event: 21274.806 Loading class sun/security/ssl/SSLEngineOutputRecord$RecordMemo
Event: 21274.816 Loading class sun/security/ssl/SSLEngineOutputRecord$RecordMemo done
Event: 21274.816 Loading class sun/security/ssl/SSLEngineOutputRecord$HandshakeMemo done
Event: 21275.124 Loading class sun/security/ssl/PreSharedKeyExtension$SHPreSharedKeySpec
Event: 21275.161 Loading class sun/security/ssl/PreSharedKeyExtension$SHPreSharedKeySpec done
Event: 22754.228 Loading class jdk/internal/reflect/UnsafeQualifiedStaticIntegerFieldAccessorImpl
Event: 22754.262 Loading class jdk/internal/reflect/UnsafeQualifiedStaticIntegerFieldAccessorImpl done
Event: 22789.496 Loading class sun/net/util/SocketExceptions
Event: 22789.679 Loading class sun/net/util/SocketExceptions done
Event: 23720.769 Loading class java/util/concurrent/CompletableFuture$Signaller
Event: 23721.706 Loading class java/util/concurrent/CompletableFuture$Signaller done

Classes unloaded (20 events):
Event: 23611.276 Thread 0x00000260d4a7fc90 Unloading class 0x00000260d8a97230 'jdk/internal/jimage/ImageHeader'
Event: 23611.277 Thread 0x00000260d4a7fc90 Unloading class 0x00000260d8a97000 'jdk/internal/jimage/BasicImageReader$2'
Event: 23611.280 Thread 0x00000260d4a7fc90 Unloading class 0x00000260d8a98cd0 'jdk/internal/jimage/BasicImageReader$1'
Event: 23611.281 Thread 0x00000260d4a7fc90 Unloading class 0x00000260d8a98a68 'jdk/internal/jimage/ImageReader$Resource'
Event: 23611.281 Thread 0x00000260d4a7fc90 Unloading class 0x00000260d8a98800 'jdk/internal/jimage/ImageReader$LinkNode'
Event: 23611.281 Thread 0x00000260d4a7fc90 Unloading class 0x00000260d7bc9460 'jdk/internal/jimage/ImageReader$Directory'
Event: 23611.285 Thread 0x00000260d4a7fc90 Unloading class 0x00000260d7bc91f8 'jdk/internal/jimage/ImageReader$Node'
Event: 23611.285 Thread 0x00000260d4a7fc90 Unloading class 0x00000260d7bc9000 'jdk/internal/jimage/ImageStrings'
Event: 23611.286 Thread 0x00000260d4a7fc90 Unloading class 0x00000260d8ac54e0 'jdk/internal/jimage/ImageReader$SharedImageReader'
Event: 23611.287 Thread 0x00000260d4a7fc90 Unloading class 0x00000260d8ac5220 'jdk/internal/jimage/BasicImageReader'
Event: 23611.287 Thread 0x00000260d4a7fc90 Unloading class 0x00000260d8ac5000 'jdk/internal/jimage/ImageReader'
Event: 23611.288 Thread 0x00000260d4a7fc90 Unloading class 0x00000260d846ac68 'jdk/internal/jrtfs/SystemImage$2'
Event: 23611.288 Thread 0x00000260d4a7fc90 Unloading class 0x00000260d89c5dd8 'jdk/internal/jrtfs/SystemImage$$Lambda$5248+0x00000260d89c5dd8'
Event: 23611.288 Thread 0x00000260d4a7fc90 Unloading class 0x00000260d846aa38 'jdk/internal/jrtfs/ExplodedImage'
Event: 23611.289 Thread 0x00000260d4a7fc90 Unloading class 0x00000260d846a800 'jdk/internal/jrtfs/SystemImage$1'
Event: 23611.289 Thread 0x00000260d4a7fc90 Unloading class 0x00000260d7b5cdd8 'jdk/internal/jrtfs/SystemImage'
Event: 23611.291 Thread 0x00000260d4a7fc90 Unloading class 0x00000260d89c5b78 'jdk/internal/jrtfs/JrtFileStore'
Event: 23611.293 Thread 0x00000260d4a7fc90 Unloading class 0x00000260d89c5800 'jdk/internal/jrtfs/JrtPath'
Event: 23611.301 Thread 0x00000260d4a7fc90 Unloading class 0x00000260d7b5cae0 'jdk/internal/jrtfs/JrtFileSystem'
Event: 23611.303 Thread 0x00000260d4a7fc90 Unloading class 0x00000260d7b5c800 'jdk/internal/jrtfs/JrtFileSystemProvider'

Classes redefined (0 events):
No events

Internal exceptions (20 events):
Event: 23765.554 Thread 0x0000026083e62d40 Exception <a 'sun/nio/fs/WindowsException'{0x00000000df7d9598}> (0x00000000df7d9598) 
thrown [s\src\hotspot\share\prims\jni.cpp, line 516]
Event: 23765.568 Thread 0x0000026083e62d40 Exception <a 'sun/nio/fs/WindowsException'{0x00000000df7f7be0}> (0x00000000df7f7be0) 
thrown [s\src\hotspot\share\prims\jni.cpp, line 516]
Event: 23765.569 Thread 0x0000026083e62d40 Exception <a 'sun/nio/fs/WindowsException'{0x00000000df7fa150}> (0x00000000df7fa150) 
thrown [s\src\hotspot\share\prims\jni.cpp, line 516]
Event: 23765.576 Thread 0x0000026083e62d40 Exception <a 'sun/nio/fs/WindowsException'{0x00000000df7fc378}> (0x00000000df7fc378) 
thrown [s\src\hotspot\share\prims\jni.cpp, line 516]
Event: 23765.613 Thread 0x0000026083e62d40 Exception <a 'sun/nio/fs/WindowsException'{0x00000000df607808}> (0x00000000df607808) 
thrown [s\src\hotspot\share\prims\jni.cpp, line 516]
Event: 23766.175 Thread 0x00000260847afc70 Exception <a 'sun/nio/fs/WindowsException'{0x00000000df472bf0}> (0x00000000df472bf0) 
thrown [s\src\hotspot\share\prims\jni.cpp, line 516]
Event: 23766.178 Thread 0x00000260847afc70 Exception <a 'sun/nio/fs/WindowsException'{0x00000000df4751f0}> (0x00000000df4751f0) 
thrown [s\src\hotspot\share\prims\jni.cpp, line 516]
Event: 23766.179 Thread 0x00000260847afc70 Exception <a 'sun/nio/fs/WindowsException'{0x00000000df477590}> (0x00000000df477590) 
thrown [s\src\hotspot\share\prims\jni.cpp, line 516]
Event: 23766.191 Thread 0x00000260847afc70 Exception <a 'sun/nio/fs/WindowsException'{0x00000000df481700}> (0x00000000df481700) 
thrown [s\src\hotspot\share\prims\jni.cpp, line 516]
Event: 23771.195 Thread 0x00000260847ad900 Exception <a 'sun/nio/fs/WindowsException'{0x00000000e2912bf0}> (0x00000000e2912bf0) 
thrown [s\src\hotspot\share\prims\jni.cpp, line 516]
Event: 23771.197 Thread 0x00000260847ad900 Exception <a 'sun/nio/fs/WindowsException'{0x00000000e29152c0}> (0x00000000e29152c0) 
thrown [s\src\hotspot\share\prims\jni.cpp, line 516]
Event: 23771.204 Thread 0x00000260847ad900 Exception <a 'sun/nio/fs/WindowsException'{0x00000000e29216a8}> (0x00000000e29216a8) 
thrown [s\src\hotspot\share\prims\jni.cpp, line 516]
Event: 23771.207 Thread 0x00000260847ad900 Exception <a 'sun/nio/fs/WindowsException'{0x00000000e2923750}> (0x00000000e2923750) 
thrown [s\src\hotspot\share\prims\jni.cpp, line 516]
Event: 23774.993 Thread 0x0000026082ad48f0 Exception <a 'java/lang/NoSuchMethodError'{0x00000000e1a79618}: static Lorg/jetbrains/kotlin/gradle/plugin/internal/DefaultProjectIsolationStartParameterAccessor$Factory;.<clinit>()V> (0x00000000e1a79618) 
thrown [s\src\hotspot\share\prims\jni.cpp, line 1112]
Event: 23775.111 Thread 0x0000026082ad48f0 Exception <a 'java/lang/NoSuchMethodError'{0x00000000e1a92068}: static Lorg/jetbrains/kotlin/gradle/plugin/internal/DefaultJavaExecTaskParametersCompatibility$Factory;.<clinit>()V> (0x00000000e1a92068) 
thrown [s\src\hotspot\share\prims\jni.cpp, line 1112]
Event: 23775.183 Thread 0x0000026082ad48f0 Exception <a 'java/lang/NoSuchMethodError'{0x00000000e1aaa898}: static Lorg/jetbrains/kotlin/gradle/plugin/internal/DefaultMavenPublicationComponentAccessorFactory;.<clinit>()V> (0x00000000e1aaa898) 
thrown [s\src\hotspot\share\prims\jni.cpp, line 1112]
Event: 23775.224 Thread 0x0000026082ad48f0 Exception <a 'java/lang/NoSuchMethodError'{0x00000000e1ac37a8}: static Lorg/jetbrains/kotlin/gradle/plugin/internal/DefaultCompatibilityConventionRegistrar$Factory;.<clinit>()V> (0x00000000e1ac37a8) 
thrown [s\src\hotspot\share\prims\jni.cpp, line 1112]
Event: 23775.250 Thread 0x0000026082ad48f0 Exception <a 'java/lang/NoSuchMethodError'{0x00000000e1adc5a8}: static Lorg/jetbrains/kotlin/gradle/plugin/internal/DefaultConfigurationCacheStartParameterAccessorVariantFactory;.<clinit>()V> (0x00000000e1adc5a8) 
thrown [s\src\hotspot\share\prims\jni.cpp, line 1112]
Event: 23775.370 Thread 0x0000026082ad48f0 Exception <a 'java/lang/NoSuchMethodError'{0x00000000e1903688}: static Ljava/lang/Object;.<clinit>()V> (0x00000000e1903688) 
thrown [s\src\hotspot\share\prims\jni.cpp, line 1112]
Event: 23775.419 Thread 0x0000026082ad48f0 Exception <a 'java/lang/NoSuchMethodError'{0x00000000e191f0c0}: static Lorg/jetbrains/kotlin/gradle/plugin/statistics/MetricContainer;.<clinit>()V> (0x00000000e191f0c0) 
thrown [s\src\hotspot\share\prims\jni.cpp, line 1112]

VM Operations (20 events):
Event: 23770.240 Executing VM operation: Cleanup
Event: 23770.240 Executing VM operation: Cleanup done
Event: 23771.246 Executing VM operation: Cleanup
Event: 23771.262 Executing VM operation: Cleanup done
Event: 23778.324 Executing VM operation: Cleanup
Event: 23778.432 Executing VM operation: Cleanup done
Event: 23780.434 Executing VM operation: Cleanup
Event: 23780.449 Executing VM operation: Cleanup done
Event: 23782.479 Executing VM operation: Cleanup
Event: 23782.494 Executing VM operation: Cleanup done
Event: 23783.511 Executing VM operation: Cleanup
Event: 23783.526 Executing VM operation: Cleanup done
Event: 23784.539 Executing VM operation: Cleanup
Event: 23784.591 Executing VM operation: Cleanup done
Event: 23786.615 Executing VM operation: Cleanup
Event: 23786.883 Executing VM operation: Cleanup done
Event: 23788.063 Executing VM operation: G1CollectForAllocation
Event: 23788.311 Executing VM operation: G1CollectForAllocation done
Event: 23793.342 Executing VM operation: Cleanup
Event: 23793.342 Executing VM operation: Cleanup done

Memory protections (0 events):
No events

Nmethod flushes (20 events):
Event: 23655.715 Thread 0x00000260d5172180 flushing  nmethod 0x00000260c39ebf90
Event: 23655.715 Thread 0x00000260d5172180 flushing  nmethod 0x00000260c39f3e10
Event: 23655.715 Thread 0x00000260d5172180 flushing  nmethod 0x00000260c39fdd10
Event: 23655.716 Thread 0x00000260d5172180 flushing  nmethod 0x00000260c3a0a190
Event: 23655.716 Thread 0x00000260d5172180 flushing  nmethod 0x00000260c3a22c10
Event: 23655.716 Thread 0x00000260d5172180 flushing  nmethod 0x00000260c3a61e90
Event: 23655.716 Thread 0x00000260d5172180 flushing  nmethod 0x00000260c3a96510
Event: 23655.716 Thread 0x00000260d5172180 flushing  nmethod 0x00000260c3ab0790
Event: 23655.716 Thread 0x00000260d5172180 flushing  nmethod 0x00000260c3ab6090
Event: 23655.716 Thread 0x00000260d5172180 flushing  nmethod 0x00000260c3ab8c90
Event: 23655.716 Thread 0x00000260d5172180 flushing  nmethod 0x00000260c3ac7d10
Event: 23655.717 Thread 0x00000260d5172180 flushing  nmethod 0x00000260c3b02610
Event: 23655.717 Thread 0x00000260d5172180 flushing  nmethod 0x00000260c3b07110
Event: 23655.719 Thread 0x00000260d5172180 flushing  nmethod 0x00000260c3b1cc10
Event: 23655.719 Thread 0x00000260d5172180 flushing  nmethod 0x00000260c3b1e310
Event: 23655.719 Thread 0x00000260d5172180 flushing  nmethod 0x00000260c3b24a10
Event: 23655.721 Thread 0x00000260d5172180 flushing  nmethod 0x00000260c3cc3610
Event: 23655.721 Thread 0x00000260d5172180 flushing  nmethod 0x00000260c3cd0390
Event: 23655.722 Thread 0x00000260d5172180 flushing  nmethod 0x00000260c3d37890
Event: 23655.728 Thread 0x00000260d5172180 flushing  nmethod 0x00000260c3d5a210

Events (20 events):
Event: 23771.955 Thread 0x0000026082ad48f0 Thread added: 0x00000260f81e1fa0
Event: 23771.957 Thread 0x0000026082ad48f0 Thread added: 0x00000260f81e24b0
Event: 23771.958 Thread 0x0000026082ad48f0 Thread added: 0x00000260f81ded00
Event: 23771.960 Thread 0x0000026082ad48f0 Thread added: 0x00000260f81df210
Event: 23775.536 Thread 0x0000026082ad48f0 Thread added: 0x0000026083515700
Event: 23785.103 Thread 0x00000260f9c2a6e0 Thread exited: 0x00000260f9c2a6e0
Event: 23788.054 Thread 0x0000026082ad48f0 Thread added: 0x0000026083b28320
Event: 23788.059 Thread 0x0000026082ad48f0 Thread added: 0x0000026083b28830
Event: 23788.060 Thread 0x0000026082ad48f0 Thread added: 0x0000026083b29250
Event: 23788.062 Thread 0x0000026082ad48f0 Thread added: 0x0000026083b273f0
Event: 23788.063 Thread 0x0000026082ad48f0 Thread added: 0x0000026083b27900
Event: 23788.314 Thread 0x0000026082ad48f0 Thread added: 0x00000260f9eb2a60
Event: 23788.323 Thread 0x0000026082ad48f0 Thread added: 0x00000260f9eb1b30
Event: 23789.594 Thread 0x0000026082ad48f0 Thread added: 0x0000026083b2a690
Event: 23789.596 Thread 0x0000026082ad48f0 Thread added: 0x0000026083b2a180
Event: 23789.597 Thread 0x0000026082ad48f0 Thread added: 0x0000026083b26ee0
Event: 23789.598 Thread 0x0000026082ad48f0 Thread added: 0x0000026083b27e10
Event: 23789.601 Thread 0x0000026082ad48f0 Thread added: 0x0000026085d39a90
Event: 23789.604 Thread 0x0000026082ad48f0 Thread added: 0x0000026083516b40
Event: 23789.604 Thread 0x0000026082ad48f0 Thread added: 0x0000026083517050


Dynamic libraries:
0x00007ff69c300000 - 0x00007ff69c30e000 	C:\Program Files\Microsoft\jdk-17.0.18.8-hotspot\bin\java.exe
0x00007ffd97280000 - 0x00007ffd974e6000 	C:\WINDOWS\SYSTEM32\ntdll.dll
0x00007ffd8a9e0000 - 0x00007ffd8aa01000 	C:\Program Files\AVG\Antivirus\aswhook.dll
0x00007ffd956e0000 - 0x00007ffd957a9000 	C:\WINDOWS\System32\KERNEL32.DLL
0x00007ffd94980000 - 0x00007ffd94d7e000 	C:\WINDOWS\System32\KERNELBASE.dll
0x00007ffd94d90000 - 0x00007ffd94edc000 	C:\WINDOWS\System32\ucrtbase.dll
0x00007ffd83f30000 - 0x00007ffd83f4e000 	C:\Program Files\Microsoft\jdk-17.0.18.8-hotspot\bin\VCRUNTIME140.dll
0x00007ffd83e60000 - 0x00007ffd83e78000 	C:\Program Files\Microsoft\jdk-17.0.18.8-hotspot\bin\jli.dll
0x00007ffd958d0000 - 0x00007ffd95a97000 	C:\WINDOWS\System32\USER32.dll
0x00007ffd94770000 - 0x00007ffd94797000 	C:\WINDOWS\System32\win32u.dll
0x00007ffd95620000 - 0x00007ffd9564b000 	C:\WINDOWS\System32\GDI32.dll
0x00007ffd79e20000 - 0x00007ffd7a0b2000 	C:\WINDOWS\WinSxS\amd64_microsoft.windows.common-controls_6595b64144ccf1df_6.0.26100.8875_none_3e0d5d42e32fe9dd\COMCTL32.dll
0x00007ffd947a0000 - 0x00007ffd948ca000 	C:\WINDOWS\System32\gdi32full.dll
0x00007ffd96810000 - 0x00007ffd968b9000 	C:\WINDOWS\System32\msvcrt.dll
0x00007ffd948d0000 - 0x00007ffd94973000 	C:\WINDOWS\System32\msvcp_win.dll
0x00007ffd964b0000 - 0x00007ffd964e2000 	C:\WINDOWS\System32\IMM32.DLL
0x00007ffd899d0000 - 0x00007ffd899dc000 	C:\Program Files\Microsoft\jdk-17.0.18.8-hotspot\bin\vcruntime140_1.dll
0x00007ffd09bb0000 - 0x00007ffd09c39000 	C:\Program Files\Microsoft\jdk-17.0.18.8-hotspot\bin\msvcp140.dll
0x00007ffccf5f0000 - 0x00007ffcd026a000 	C:\Program Files\Microsoft\jdk-17.0.18.8-hotspot\bin\server\jvm.dll
0x00007ffd95560000 - 0x00007ffd95617000 	C:\WINDOWS\System32\ADVAPI32.dll
0x00007ffd957c0000 - 0x00007ffd9586a000 	C:\WINDOWS\System32\sechost.dll
0x00007ffd96390000 - 0x00007ffd964a8000 	C:\WINDOWS\System32\RPCRT4.dll
0x00007ffd970b0000 - 0x00007ffd97130000 	C:\WINDOWS\System32\WS2_32.dll
0x00007ffd69210000 - 0x00007ffd69246000 	C:\WINDOWS\SYSTEM32\WINMM.dll
0x00007ffd94320000 - 0x00007ffd9437e000 	C:\WINDOWS\SYSTEM32\POWRPROF.dll
0x00007ffd91e10000 - 0x00007ffd91e1b000 	C:\WINDOWS\SYSTEM32\VERSION.dll
0x00007ffd94300000 - 0x00007ffd94314000 	C:\WINDOWS\SYSTEM32\UMPDC.dll
0x00007ffd93140000 - 0x00007ffd9315b000 	C:\WINDOWS\SYSTEM32\kernel.appcore.dll
0x00007ffd89990000 - 0x00007ffd8999a000 	C:\Program Files\Microsoft\jdk-17.0.18.8-hotspot\bin\jimage.dll
0x00007ffd90ce0000 - 0x00007ffd90f22000 	C:\WINDOWS\SYSTEM32\DBGHELP.DLL
0x00007ffd95190000 - 0x00007ffd95513000 	C:\WINDOWS\System32\combase.dll
0x00007ffd96680000 - 0x00007ffd96759000 	C:\WINDOWS\System32\OLEAUT32.dll
0x00007ffd858b0000 - 0x00007ffd858eb000 	C:\WINDOWS\SYSTEM32\dbgcore.DLL
0x00007ffd94ef0000 - 0x00007ffd94f9c000 	C:\WINDOWS\System32\bcryptPrimitives.dll
0x00007ffd76c10000 - 0x00007ffd76c1f000 	C:\Program Files\Microsoft\jdk-17.0.18.8-hotspot\bin\instrument.dll
0x00007ffd83e30000 - 0x00007ffd83e56000 	C:\Program Files\Microsoft\jdk-17.0.18.8-hotspot\bin\java.dll
0x00007ffcfd170000 - 0x00007ffcfd246000 	C:\Program Files\Microsoft\jdk-17.0.18.8-hotspot\bin\jsvml.dll
0x00007ffd95aa0000 - 0x00007ffd96232000 	C:\WINDOWS\System32\SHELL32.dll
0x00007ffd91f20000 - 0x00007ffd927b2000 	C:\WINDOWS\SYSTEM32\windows.storage.dll
0x00007ffd96d50000 - 0x00007ffd96e47000 	C:\WINDOWS\System32\SHCORE.dll
0x00007ffd97040000 - 0x00007ffd970a7000 	C:\WINDOWS\System32\shlwapi.dll
0x00007ffd94390000 - 0x00007ffd943b9000 	C:\WINDOWS\SYSTEM32\profapi.dll
0x00007ffd67a10000 - 0x00007ffd67a28000 	C:\Program Files\Microsoft\jdk-17.0.18.8-hotspot\bin\zip.dll
0x00007ffd68b00000 - 0x00007ffd68b1b000 	C:\Program Files\Microsoft\jdk-17.0.18.8-hotspot\bin\net.dll
0x00007ffd8a330000 - 0x00007ffd8a457000 	C:\WINDOWS\SYSTEM32\WINHTTP.dll
0x00007ffd936d0000 - 0x00007ffd9373c000 	C:\WINDOWS\system32\mswsock.dll
0x00007ffd68270000 - 0x00007ffd68286000 	C:\Program Files\Microsoft\jdk-17.0.18.8-hotspot\bin\nio.dll
0x00007ffd77330000 - 0x00007ffd77340000 	C:\Program Files\Microsoft\jdk-17.0.18.8-hotspot\bin\verify.dll
0x00007ffd23400000 - 0x00007ffd23427000 	C:\Users\lenovo\.gradle\native\660c5614fbf4a5f2a75b1949f50a0caf5cd603558e7d8a26e50b933a0cfb79d1\windows-amd64\native-platform.dll
0x00007ffd6a180000 - 0x00007ffd6a1f7000 	C:\Users\lenovo\.gradle\native\0.2.8\x86_64-windows-gnu\gradle-fileevents.dll
0x00007ffd83f20000 - 0x00007ffd83f2a000 	C:\Program Files\Microsoft\jdk-17.0.18.8-hotspot\bin\management.dll
0x00007ffd83e00000 - 0x00007ffd83e0c000 	C:\Program Files\Microsoft\jdk-17.0.18.8-hotspot\bin\management_ext.dll
0x00007ffd95520000 - 0x00007ffd95528000 	C:\WINDOWS\System32\PSAPI.DLL
0x00007ffd92af0000 - 0x00007ffd92b23000 	C:\WINDOWS\SYSTEM32\IPHLPAPI.DLL
0x00007ffd957b0000 - 0x00007ffd957ba000 	C:\WINDOWS\System32\NSI.dll
0x00007ffd892d0000 - 0x00007ffd892ed000 	C:\WINDOWS\SYSTEM32\dhcpcsvc6.DLL
0x00007ffd892a0000 - 0x00007ffd892c5000 	C:\WINDOWS\SYSTEM32\dhcpcsvc.DLL
0x00007ffd92b30000 - 0x00007ffd92c86000 	C:\WINDOWS\SYSTEM32\DNSAPI.dll
0x00007ffd934f0000 - 0x00007ffd934fd000 	C:\WINDOWS\SYSTEM32\DSPARSE.dll
0x00007ffd79ca0000 - 0x00007ffd79ca9000 	C:\Program Files\Microsoft\jdk-17.0.18.8-hotspot\bin\extnet.dll
0x00007ffd93b00000 - 0x00007ffd93b1b000 	C:\WINDOWS\SYSTEM32\CRYPTSP.dll
0x00007ffd930a0000 - 0x00007ffd930d9000 	C:\WINDOWS\system32\rsaenh.dll
0x00007ffd93790000 - 0x00007ffd937c2000 	C:\WINDOWS\SYSTEM32\USERENV.dll
0x00007ffd943c0000 - 0x00007ffd943ea000 	C:\WINDOWS\SYSTEM32\bcrypt.dll
0x00007ffd93940000 - 0x00007ffd9394c000 	C:\WINDOWS\SYSTEM32\CRYPTBASE.dll
0x00007ffd89b00000 - 0x00007ffd89b0e000 	C:\Program Files\Microsoft\jdk-17.0.18.8-hotspot\bin\sunmscapi.dll
0x00007ffd94560000 - 0x00007ffd946d8000 	C:\WINDOWS\System32\CRYPT32.dll
0x00007ffd93c70000 - 0x00007ffd93ca0000 	C:\WINDOWS\SYSTEM32\ncrypt.dll
0x00007ffd93c20000 - 0x00007ffd93c5f000 	C:\WINDOWS\SYSTEM32\NTASN1.dll
0x00007ffd76520000 - 0x00007ffd76528000 	C:\WINDOWS\system32\wshunix.dll
0x00007ffd84270000 - 0x00007ffd8427b000 	C:\Windows\System32\rasadhlp.dll
0x00007ffd85a90000 - 0x00007ffd85b16000 	C:\WINDOWS\System32\fwpuclnt.dll
0x00007ffd93270000 - 0x00007ffd932a6000 	C:\WINDOWS\SYSTEM32\ntmarta.dll
0x00007ffd8eab0000 - 0x00007ffd8eab7000 	C:\Program Files\Microsoft\jdk-17.0.18.8-hotspot\bin\rmi.dll

dbghelp: loaded successfully - version: 4.0.5 - missing functions: none
symbol engine: initialized successfully - sym options: 0x614 - pdb path: .;C:\Program Files\Microsoft\jdk-17.0.18.8-hotspot\bin;C:\WINDOWS\SYSTEM32;C:\Program Files\AVG\Antivirus;C:\WINDOWS\WinSxS\amd64_microsoft.windows.common-controls_6595b64144ccf1df_6.0.26100.8875_none_3e0d5d42e32fe9dd;C:\Program Files\Microsoft\jdk-17.0.18.8-hotspot\bin\server;C:\Users\lenovo\.gradle\native\660c5614fbf4a5f2a75b1949f50a0caf5cd603558e7d8a26e50b933a0cfb79d1\windows-amd64;C:\Users\lenovo\.gradle\native\0.2.8\x86_64-windows-gnu

VM Arguments:
jvm_args: --add-opens=java.base/java.lang=ALL-UNNAMED --add-opens=java.base/java.lang.invoke=ALL-UNNAMED --add-opens=java.base/java.util=ALL-UNNAMED --add-opens=java.prefs/java.util.prefs=ALL-UNNAMED --add-exports=jdk.compiler/com.sun.tools.javac.api=ALL-UNNAMED --add-exports=jdk.compiler/com.sun.tools.javac.util=ALL-UNNAMED --add-opens=java.base/java.util=ALL-UNNAMED --add-opens=java.prefs/java.util.prefs=ALL-UNNAMED --add-opens=java.base/java.nio.charset=ALL-UNNAMED --add-opens=java.base/java.net=ALL-UNNAMED --add-opens=java.base/java.util.concurrent=ALL-UNNAMED --add-opens=java.base/java.util.concurrent.atomic=ALL-UNNAMED --add-opens=java.xml/javax.xml.namespace=ALL-UNNAMED --add-opens=java.base/java.time=ALL-UNNAMED -XX:MaxMetaspaceSize=512m -Xmx2048m -Dfile.encoding=windows-1252 -Duser.country=US -Duser.language=en -Duser.variant -javaagent:C:\Users\lenovo\.gradle\wrapper\dists\gradle-9.3.1-bin\23ovyewtku6u96viwx3xl3oks\gradle-9.3.1\lib\agents\gradle-instrumentation-agent-9.3.1.jar 
java_command: org.gradle.launcher.daemon.bootstrap.GradleDaemon 9.3.1
java_class_path (initial): C:\Users\lenovo\.gradle\wrapper\dists\gradle-9.3.1-bin\23ovyewtku6u96viwx3xl3oks\gradle-9.3.1\lib\gradle-daemon-main-9.3.1.jar
Launcher Type: SUN_STANDARD

[Global flags]
     intx CICompilerCount                          = 4                                         {product} {ergonomic}
   size_t CompressedClassSpaceSize                 = 436207616                                 {product} {ergonomic}
     uint ConcGCThreads                            = 2                                         {product} {ergonomic}
     uint G1ConcRefinementThreads                  = 8                                         {product} {ergonomic}
   size_t G1HeapRegionSize                         = 1048576                                   {product} {ergonomic}
    uintx GCDrainStackTargetSize                   = 64                                        {product} {ergonomic}
   size_t InitialHeapSize                          = 130023424                                 {product} {ergonomic}
   size_t MarkStackSize                            = 4194304                                   {product} {ergonomic}
   size_t MaxHeapSize                              = 2147483648                                {product} {command line}
   size_t MaxMetaspaceSize                         = 536870912                                 {product} {command line}
   size_t MaxNewSize                               = 1287651328                                {product} {ergonomic}
   size_t MinHeapDeltaBytes                        = 1048576                                   {product} {ergonomic}
   size_t MinHeapSize                              = 8388608                                   {product} {ergonomic}
    uintx NonNMethodCodeHeapSize                   = 5839372                                {pd product} {ergonomic}
    uintx NonProfiledCodeHeapSize                  = 122909434                              {pd product} {ergonomic}
    uintx ProfiledCodeHeapSize                     = 122909434                              {pd product} {ergonomic}
    uintx ReservedCodeCacheSize                    = 251658240                              {pd product} {ergonomic}
     bool SegmentedCodeCache                       = true                                      {product} {ergonomic}
   size_t SoftMaxHeapSize                          = 2147483648                             {manageable} {ergonomic}
     bool UseCompressedClassPointers               = true                           {product lp64_product} {ergonomic}
     bool UseCompressedOops                        = true                           {product lp64_product} {ergonomic}
     bool UseG1GC                                  = true                                      {product} {ergonomic}
     bool UseLargePagesIndividualAllocation        = false                                  {pd product} {ergonomic}

Logging:
Log output configuration:
 #0: stdout all=warning uptime,level,tags
 #1: stderr all=off uptime,level,tags

Environment Variables:
JAVA_HOME=C:\Program Files\Microsoft\jdk-17.0.18.8-hotspot\
PATH=C:\FrigateApp\FrigateApp\node_modules\.bin;C:\FrigateApp\node_modules\.bin;C:\node_modules\.bin;C:\Users\lenovo\AppData\Local\nvm\v20.19.4\node_modules\npm\node_modules\@npmcli\run-script\lib\node-gyp-bin;C:\Program Files\Microsoft\jdk-17.0.18.8-hotspot\bin;C:\WINDOWS\system32;C:\WINDOWS;C:\WINDOWS\System32\Wbem;C:\WINDOWS\System32\WindowsPowerShell\v1.0\;C:\WINDOWS\System32\OpenSSH\;C:\ProgramData\chocolatey\bin;C:\Users\lenovo\AppData\Local\Android\Sdk\platform-tools;C:\Users\lenovo\AppData\Local\Android\Sdk\platforms;C:\Users\lenovo\AppData\Local\Android\Sdk\build-tools;C:\Users\lenovo\AppData\Local\nvm;C:\nvm4w\nodejs;C:\Users\lenovo\AppData\Roaming\nvm;C:\Program Files\Git\cmd;C:\Program Files\WireGuard\;C:\Users\lenovo\AppData\Local\Programs\Python\Launcher\;C:\Users\lenovo\AppData\Local\Microsoft\WindowsApps;C:\Users\lenovo\AppData\Local\Android\Sdk\platform-tools;C:\Users\lenovo\AppData\Local\Programs\Microsoft VS Code\bin;C:\Users\lenovo\AppData\Roaming\npm;C:\Users\lenovo\AppData\Local\nvm;C:\nvm4w\nodejs;C:\Users\lenovo\AppData\Local\Android\Sdk\platform-tools;C:\Users\lenovo\AppData\Local\Android\Sdk\cmdline-tools\latest\bin;C:\Users\lenovo\AppData\Local\Programs\Antigravity\bin;C:\Users\lenovo\AppData\Local\Programs\Antigravity IDE\bin
USERNAME=lenovo
OS=Windows_NT
PROCESSOR_IDENTIFIER=Intel64 Family 6 Model 142 Stepping 12, GenuineIntel
TMP=C:\Users\lenovo\AppData\Local\Temp
TEMP=C:\Users\lenovo\AppData\Local\Temp



Periodic native trim disabled


---------------  S Y S T E M  ---------------

OS:
 Windows 11 , 64 bit Build 26100 (10.0.26100.8875)
OS uptime: 21 days 6:36 hours
Hyper-V role detected

CPU: total 8 (initial active 8) (4 cores per cpu, 2 threads per core) family 6 model 142 stepping 12 microcode 0xfa, cx8, cmov, fxsr, ht, mmx, 3dnowpref, sse, sse2, sse3, ssse3, sse4.1, sse4.2, popcnt, lzcnt, tsc, tscinvbit, avx, avx2, aes, erms, clmul, bmi1, bmi2, adx, fma, vzeroupper, clflush, clflushopt, hv
Processor Information for the first 8 processors :
  Max Mhz: 1901, Current Mhz: 1901, Mhz Limit: 1901

Memory: 4k page, system-wide physical 7928M (976M free)
TotalPageFile size 32504M (AvailPageFile size 0M)
current process WorkingSet (physical memory assigned to process): 339M, peak: 1607M
current process commit charge ("private bytes"): 2288M, peak: 2627M

vm_info: OpenJDK 64-Bit Server VM (17.0.18+8-LTS) for windows-amd64 JRE (17.0.18+8-LTS), built on Jan 15 2026 18:50:45 by "MicrosoftCorporation" with MS VC++ 17.14 (VS2022)

END.
